root,quality,best,good,cpu_used,cpu_0,cpu_1,cpu_2,cpu_3,cpu_4,cpu_5,passes,one-pass,two-pass,workload,mean-time,std-time,mean-compression-ratio,std-compression-ratio
1,1,0,1,1,0,0,0,1,0,0,1,1,1,akiyo_cif.y4m,5.1579999999999995,0.02167948338867881,0.00736822,0.0
1,1,0,1,1,0,0,0,1,0,0,0,0,0,akiyo_cif.y4m,7.976000000000001,0.02792848008753807,0.007069296,8.94427190994604e-09
1,1,0,1,1,0,0,1,0,0,0,1,0,1,akiyo_cif.y4m,10.709999999999999,0.027386127875258532,0.00707465,0.0
1,1,1,0,0,0,0,0,0,0,0,1,1,1,akiyo_cif.y4m,44.678000000000004,0.04711687595756123,0.007395360000000001,9.69739903612216e-19
1,1,0,1,1,0,0,0,0,0,1,0,0,0,akiyo_cif.y4m,8.431999999999999,0.016431676725154633,0.00708129,0.0
1,1,0,1,1,0,0,1,0,0,0,1,1,0,akiyo_cif.y4m,7.086,0.026076809620810635,0.007332820000000001,9.69739903612216e-19
1,1,0,1,1,0,0,0,0,1,0,1,1,1,akiyo_cif.y4m,4.548,0.017888543819998208,0.007400510000000001,9.69739903612216e-19
1,1,0,1,1,0,0,0,0,0,1,1,0,1,akiyo_cif.y4m,8.42,0.012247448713915629,0.00708129,0.0
1,1,0,1,1,0,0,1,0,0,0,1,1,1,akiyo_cif.y4m,6.897999999999999,0.025884358211089482,0.007332820000000001,9.69739903612216e-19
1,1,0,1,1,0,1,0,0,0,0,0,0,0,akiyo_cif.y4m,14.666,0.032863353450309996,0.00707349,0.0
1,1,0,1,1,0,0,1,0,0,0,0,0,0,akiyo_cif.y4m,10.726,0.027928480087538017,0.00707465,0.0
1,1,0,1,1,0,0,0,0,1,0,1,0,1,akiyo_cif.y4m,7.081999999999999,0.016431676725154932,0.00707487,0.0
1,1,0,1,1,0,0,0,0,0,1,1,1,1,akiyo_cif.y4m,5.368,0.016431676725154876,0.007566640000000001,9.69739903612216e-19
1,1,0,1,1,0,0,0,1,0,0,1,0,1,akiyo_cif.y4m,7.934,0.02302172886644265,0.007069296,8.94427190994604e-09
1,1,0,1,1,1,0,0,0,0,0,1,1,1,akiyo_cif.y4m,20.986,0.0512835256198326,0.007443670000000001,9.69739903612216e-19
1,1,1,0,0,0,0,0,0,0,0,0,0,0,akiyo_cif.y4m,78.976,0.17444196742756732,0.00707744,0.0
1,1,1,0,0,0,0,0,0,0,0,1,1,0,akiyo_cif.y4m,44.730000000000004,0.1573213272255218,0.007395360000000001,9.69739903612216e-19
1,1,0,1,1,0,0,0,0,1,0,0,0,0,akiyo_cif.y4m,7.058,0.01643167672515509,0.00707487,0.0
1,1,0,1,1,1,0,0,0,0,0,1,1,0,akiyo_cif.y4m,20.996000000000002,0.05176871642217947,0.007443670000000001,9.69739903612216e-19
1,1,0,1,1,0,0,0,0,0,1,1,1,0,akiyo_cif.y4m,5.218,0.010954451150103333,0.007566636,8.944271910333937e-09
1,1,0,1,1,0,0,0,1,0,0,1,1,0,akiyo_cif.y4m,5.138,0.008366600265340897,0.0073682159999999995,8.94427190994604e-09
1,1,0,1,1,0,1,0,0,0,0,1,1,0,akiyo_cif.y4m,9.074000000000002,0.02509980079602173,0.007449369999999999,9.69739903612216e-19
1,1,0,1,1,1,0,0,0,0,0,0,0,0,akiyo_cif.y4m,37.93,0.10653637876331323,0.00707989,0.0
1,1,0,1,1,1,0,0,0,0,0,1,0,1,akiyo_cif.y4m,37.903999999999996,0.052725705305856296,0.00707989,0.0
1,1,0,1,1,0,1,0,0,0,0,1,0,1,akiyo_cif.y4m,14.663999999999998,0.026076809620810038,0.00707349,0.0
1,1,0,1,1,0,1,0,0,0,0,1,1,1,akiyo_cif.y4m,8.864,0.03130495168499699,0.007449369999999999,9.69739903612216e-19
1,1,0,1,1,0,0,0,0,1,0,1,1,0,akiyo_cif.y4m,4.534,0.016733200530681527,0.007400510000000001,9.69739903612216e-19
1,1,1,0,0,0,0,0,0,0,0,1,0,1,akiyo_cif.y4m,79.01199999999999,0.12676750372236137,0.00707744,0.0
1,1,0,1,1,0,0,0,1,0,0,1,1,1,bowing_cif.y4m,5.258,0.021679483388678665,0.00820602,0.0
1,1,0,1,1,0,0,0,1,0,0,0,0,0,bowing_cif.y4m,7.268000000000001,0.013038404810405428,0.00609344,0.0
1,1,0,1,1,0,0,1,0,0,0,1,0,1,bowing_cif.y4m,10.966000000000001,0.02302172886644288,0.00620054,0.0
1,1,1,0,0,0,0,0,0,0,0,1,1,1,bowing_cif.y4m,60.028,0.1556277610196832,0.00805576,0.0
1,1,0,1,1,0,0,0,0,0,1,0,0,0,bowing_cif.y4m,6.534000000000001,0.015165750888103187,0.00563968,0.0
1,1,0,1,1,0,0,1,0,0,0,1,1,0,bowing_cif.y4m,7.7379999999999995,0.02489979919597763,0.00846826,0.0
1,1,0,1,1,0,0,0,0,1,0,1,1,1,bowing_cif.y4m,4.422,0.01483239697419128,0.00841833,0.0
1,1,0,1,1,0,0,0,0,0,1,1,0,1,bowing_cif.y4m,6.530000000000001,0.025495097567963816,0.00563968,0.0
1,1,0,1,1,0,0,1,0,0,0,1,1,1,bowing_cif.y4m,7.75,0.028284271247462005,0.00846826,0.0
1,1,0,1,1,0,1,0,0,0,0,0,0,0,bowing_cif.y4m,15.146,0.05770615218501424,0.006294236,8.944271910333937e-09
1,1,0,1,1,0,0,1,0,0,0,0,0,0,bowing_cif.y4m,10.766,0.0364691650576207,0.00620054,0.0
1,1,0,1,1,0,0,0,0,1,0,1,0,1,bowing_cif.y4m,6.222,0.013038404810405461,0.00616398,0.0
1,1,0,1,1,0,0,0,0,0,1,1,1,1,bowing_cif.y4m,4.638,0.013038404810405394,0.00801369,0.0
1,1,0,1,1,0,0,0,1,0,0,1,0,1,bowing_cif.y4m,7.294,0.027928480087538163,0.00609344,0.0
1,1,0,1,1,1,0,0,0,0,0,1,1,1,bowing_cif.y4m,24.002,0.06534523701081874,0.00814865,0.0
1,1,1,0,0,0,0,0,0,0,0,0,0,0,bowing_cif.y4m,92.172,0.2662141994710268,0.00635027,0.0
1,1,1,0,0,0,0,0,0,0,0,1,1,0,bowing_cif.y4m,60.092000000000006,0.11388590782006418,0.00805576,0.0
1,1,0,1,1,0,0,0,0,1,0,0,0,0,bowing_cif.y4m,6.228,0.017888543819998385,0.00616398,0.0
1,1,0,1,1,1,0,0,0,0,0,1,1,0,bowing_cif.y4m,23.95,0.08455767262643911,0.00814865,0.0
1,1,0,1,1,0,0,0,0,0,1,1,1,0,bowing_cif.y4m,4.6659999999999995,0.011401754250991136,0.00801369,0.0
1,1,0,1,1,0,0,0,1,0,0,1,1,0,bowing_cif.y4m,5.246,0.023021728866442763,0.00820602,0.0
1,1,0,1,1,0,1,0,0,0,0,1,1,0,bowing_cif.y4m,10.001999999999999,0.008366600265340578,0.00815689,0.0
1,1,0,1,1,1,0,0,0,0,0,0,0,0,bowing_cif.y4m,39.198,0.11861703081766926,0.006351186,8.94427190994604e-09
1,1,0,1,1,1,0,0,0,0,0,1,0,1,bowing_cif.y4m,39.236000000000004,0.06655824516917633,0.006351186,8.94427190994604e-09
1,1,0,1,1,0,1,0,0,0,0,1,0,1,bowing_cif.y4m,15.162,0.06760177512462255,0.006294236,8.944271910333937e-09
1,1,0,1,1,0,1,0,0,0,0,1,1,1,bowing_cif.y4m,10.225999999999999,0.030495901363954067,0.00815689,0.0
1,1,0,1,1,0,0,0,0,1,0,1,1,0,bowing_cif.y4m,4.318,0.013038404810405463,0.008418326,8.94427190994604e-09
1,1,1,0,0,0,0,0,0,0,0,1,0,1,bowing_cif.y4m,89.602,0.13292855223765834,0.00635027,0.0
1,1,0,1,1,0,0,0,1,0,0,1,1,1,bridge_close_cif.y4m,35.784000000000006,0.1388524396616778,0.00791711,0.0
1,1,0,1,1,0,0,0,1,0,0,0,0,0,bridge_close_cif.y4m,58.81999999999999,0.17334935823359557,0.00704007,0.0
1,1,0,1,1,0,0,1,0,0,0,1,0,1,bridge_close_cif.y4m,84.47599999999998,0.2300652081476044,0.00706493,0.0
1,1,1,0,0,0,0,0,0,0,0,1,1,1,bridge_close_cif.y4m,478.14,1.5282997088267725,0.00784427,0.0
1,1,0,1,1,0,0,0,0,0,1,0,0,0,bridge_close_cif.y4m,51.922000000000004,0.07791020472312901,0.00706065,0.0
1,1,0,1,1,0,0,1,0,0,0,1,1,0,bridge_close_cif.y4m,52.70399999999999,0.17271363582531618,0.00789952,0.0
1,1,0,1,1,0,0,0,0,1,0,1,1,1,bridge_close_cif.y4m,30.222,0.11211601134539194,0.00879102,0.0
1,1,0,1,1,0,0,0,0,0,1,1,0,1,bridge_close_cif.y4m,51.903999999999996,0.07334848328356729,0.00706065,0.0
1,1,0,1,1,0,0,1,0,0,0,1,1,1,bridge_close_cif.y4m,52.896,0.14791889669680414,0.00789952,0.0
1,1,0,1,1,0,1,0,0,0,0,0,0,0,bridge_close_cif.y4m,133.18,0.1901315334183193,0.00707265,0.0
1,1,0,1,1,0,0,1,0,0,0,0,0,0,bridge_close_cif.y4m,84.61,0.16015617378047417,0.00706493,0.0
1,1,0,1,1,0,0,0,0,1,0,1,0,1,bridge_close_cif.y4m,51.034,0.10549881515922276,0.00706322,0.0
1,1,0,1,1,0,0,0,0,0,1,1,1,1,bridge_close_cif.y4m,33.322,0.13627178724886566,0.00853878,0.0
1,1,0,1,1,0,0,0,1,0,0,1,0,1,bridge_close_cif.y4m,58.932,0.0822800097228971,0.007040067999999999,4.47213595497302e-09
1,1,0,1,1,1,0,0,0,0,0,1,1,1,bridge_close_cif.y4m,157.03799999999998,0.4745208109240282,0.00784174,0.0
1,1,1,0,0,0,0,0,0,0,0,0,0,0,bridge_close_cif.y4m,844.174,1.9804494439394187,0.00707309,0.0
1,1,1,0,0,0,0,0,0,0,0,1,1,0,bridge_close_cif.y4m,476.85599999999994,1.2201352384059767,0.00784427,0.0
1,1,0,1,1,0,0,0,0,1,0,0,0,0,bridge_close_cif.y4m,50.858000000000004,0.1132254388377452,0.00706322,0.0
1,1,0,1,1,1,0,0,0,0,0,1,1,0,bridge_close_cif.y4m,162.16199999999998,0.21004761364986307,0.00784174,0.0
1,1,0,1,1,0,0,0,0,0,1,1,1,0,bridge_close_cif.y4m,32.525999999999996,0.07924645102463697,0.00853878,0.0
1,1,0,1,1,0,0,0,1,0,0,1,1,0,bridge_close_cif.y4m,36.704,0.14993331851192962,0.00791711,0.0
1,1,0,1,1,0,1,0,0,0,0,1,1,0,bridge_close_cif.y4m,74.554,0.2278815481779941,0.00785876,0.0
1,1,0,1,1,1,0,0,0,0,0,0,0,0,bridge_close_cif.y4m,302.53000000000003,0.7284572739701527,0.00707333,0.0
1,1,0,1,1,1,0,0,0,0,0,1,0,1,bridge_close_cif.y4m,302.61,0.4679743582718888,0.00707333,0.0
1,1,0,1,1,0,1,0,0,0,0,1,0,1,bridge_close_cif.y4m,133.17,0.262106848441623,0.00707265,0.0
1,1,0,1,1,0,1,0,0,0,0,1,1,1,bridge_close_cif.y4m,74.34400000000001,0.13088162590677185,0.00785876,0.0
1,1,0,1,1,0,0,0,0,1,0,1,1,0,bridge_close_cif.y4m,30.264000000000003,0.11738824472663387,0.00879102,0.0
1,1,1,0,0,0,0,0,0,0,0,1,0,1,bridge_close_cif.y4m,824.576,1.645943498422719,0.00707309,0.0
1,1,0,1,1,0,0,0,1,0,0,1,1,1,bridge_far_cif.y4m,45.51199999999999,0.19097120201747766,0.00816605,0.0
1,1,0,1,1,0,0,0,1,0,0,0,0,0,bridge_far_cif.y4m,83.69000000000001,0.35334119488109966,0.00703265,0.0
1,1,0,1,1,0,0,1,0,0,0,1,0,1,bridge_far_cif.y4m,119.93599999999999,0.06877499545620012,0.00707262,0.0
1,1,1,0,0,0,0,0,0,0,0,1,1,1,bridge_far_cif.y4m,663.61,1.1140691181430304,0.00775985,0.0
1,1,0,1,1,0,0,0,0,0,1,0,0,0,bridge_far_cif.y4m,88.628,0.20092287077383908,0.00707743,0.0
1,1,0,1,1,0,0,1,0,0,0,1,1,0,bridge_far_cif.y4m,77.216,0.30021658848238164,0.00793316,0.0
1,1,0,1,1,0,0,0,0,1,0,1,1,1,bridge_far_cif.y4m,42.483999999999995,0.16516658257650274,0.00958506,0.0
1,1,0,1,1,0,0,0,0,0,1,1,0,1,bridge_far_cif.y4m,88.456,0.1156719499273668,0.00707743,0.0
1,1,0,1,1,0,0,1,0,0,0,1,1,1,bridge_far_cif.y4m,77.09,0.25622255950637723,0.00793316,0.0
1,1,0,1,1,0,1,0,0,0,0,0,0,0,bridge_far_cif.y4m,151.466,0.4784662997537017,0.007072159999999999,9.69739903612216e-19
1,1,0,1,1,0,0,1,0,0,0,0,0,0,bridge_far_cif.y4m,116.52000000000001,0.27649593125396965,0.00707262,0.0
1,1,0,1,1,0,0,0,0,1,0,1,0,1,bridge_far_cif.y4m,75.40599999999999,0.1304990421420783,0.007080069999999999,9.69739903612216e-19
1,1,0,1,1,0,0,0,0,0,1,1,1,1,bridge_far_cif.y4m,47.480000000000004,0.1756416807025026,0.00889439,0.0
1,1,0,1,1,0,0,0,1,0,0,1,0,1,bridge_far_cif.y4m,83.806,0.25224987611493715,0.00703265,0.0
1,1,0,1,1,1,0,0,0,0,0,1,1,1,bridge_far_cif.y4m,182.198,0.4119708727568042,0.007744139999999999,9.69739903612216e-19
1,1,1,0,0,0,0,0,0,0,0,0,0,0,bridge_far_cif.y4m,1106.48,4.35095391839535,0.00707199,0.0
1,1,1,0,0,0,0,0,0,0,0,1,1,0,bridge_far_cif.y4m,649.86,2.1912097115520455,0.00775985,0.0
1,1,0,1,1,0,0,0,0,1,0,0,0,0,bridge_far_cif.y4m,75.424,0.23469128658729346,0.007080069999999999,9.69739903612216e-19
1,1,0,1,1,1,0,0,0,0,0,1,1,0,bridge_far_cif.y4m,182.33200000000002,0.5978043158091173,0.007744139999999999,9.69739903612216e-19
1,1,0,1,1,0,0,0,0,0,1,1,1,0,bridge_far_cif.y4m,47.684,0.0687749954561975,0.00889439,0.0
1,1,0,1,1,0,0,0,1,0,0,1,1,0,bridge_far_cif.y4m,45.488,0.20861447696648663,0.00816605,0.0
1,1,0,1,1,0,1,0,0,0,0,1,1,0,bridge_far_cif.y4m,87.146,0.24058262613912904,0.0079031,0.0
1,1,0,1,1,1,0,0,0,0,0,0,0,0,bridge_far_cif.y4m,319.746,0.4973228327756457,0.00706885,0.0
1,1,0,1,1,1,0,0,0,0,0,1,0,1,bridge_far_cif.y4m,319.614,0.6045907706870783,0.00706885,0.0
1,1,0,1,1,0,1,0,0,0,0,1,0,1,bridge_far_cif.y4m,151.65,0.16416455159381746,0.007072159999999999,9.69739903612216e-19
1,1,0,1,1,0,1,0,0,0,0,1,1,1,bridge_far_cif.y4m,86.95200000000001,0.1425482374496452,0.0079031,0.0
1,1,0,1,1,0,0,0,0,1,0,1,1,0,bridge_far_cif.y4m,41.356,0.2206354459283473,0.00958506,0.0
1,1,1,0,0,0,0,0,0,0,0,1,0,1,bridge_far_cif.y4m,1104.506,1.4756456214145488,0.00707199,0.0
1,1,0,1,1,0,0,0,1,0,0,1,1,1,bus_cif.y4m,3.646,0.013416407864998816,0.00935112,0.0
1,1,0,1,1,0,0,0,1,0,0,0,0,0,bus_cif.y4m,6.308,0.022803508501982976,0.00666793,0.0
1,1,0,1,1,0,0,1,0,0,0,1,0,1,bus_cif.y4m,7.49,0.01581138830084184,0.00707217,0.0
1,1,1,0,0,0,0,0,0,0,0,1,1,1,bus_cif.y4m,41.58,0.1581138830084182,0.00931464,0.0
1,1,0,1,1,0,0,0,0,0,1,0,0,0,bus_cif.y4m,4.622,0.021679483388679074,0.006817290000000001,9.69739903612216e-19
1,1,0,1,1,0,0,1,0,0,0,1,1,0,bus_cif.y4m,4.9,0.02345207879911712,0.00934572,0.0
1,1,0,1,1,0,0,0,0,1,0,1,1,1,bus_cif.y4m,2.4560000000000004,0.008944271909999168,0.00946199,0.0
1,1,0,1,1,0,0,0,0,0,1,1,0,1,bus_cif.y4m,4.6259999999999994,0.015165750888103157,0.006817290000000001,9.69739903612216e-19
1,1,0,1,1,0,0,1,0,0,0,1,1,1,bus_cif.y4m,4.9300000000000015,0.010000000000000231,0.00934572,0.0
1,1,0,1,1,0,1,0,0,0,0,0,0,0,bus_cif.y4m,10.674000000000001,0.015165750888102777,0.0070638,0.0
1,1,0,1,1,0,0,1,0,0,0,0,0,0,bus_cif.y4m,7.496,0.03209361307176241,0.00707217,0.0
1,1,0,1,1,0,0,0,0,1,0,1,0,1,bus_cif.y4m,4.698,0.004472135954999484,0.00665684,0.0
1,1,0,1,1,0,0,0,0,0,1,1,1,1,bus_cif.y4m,2.0660000000000003,0.013416407864998816,0.00945896,0.0
1,1,0,1,1,0,0,0,1,0,0,1,0,1,bus_cif.y4m,6.287999999999999,0.017888543819998385,0.00666793,0.0
1,1,0,1,1,1,0,0,0,0,0,1,1,1,bus_cif.y4m,18.624000000000002,0.06268971207463118,0.00930294,0.0
1,1,1,0,0,0,0,0,0,0,0,0,0,0,bus_cif.y4m,64.944,0.171988371699948,0.00705621,0.0
1,1,1,0,0,0,0,0,0,0,0,1,1,0,bus_cif.y4m,41.721999999999994,0.16037456157383584,0.00931464,0.0
1,1,0,1,1,0,0,0,0,1,0,0,0,0,bus_cif.y4m,4.708,0.01643167672515493,0.00665684,0.0
1,1,0,1,1,1,0,0,0,0,0,1,1,0,bus_cif.y4m,18.612000000000002,0.05449770637375587,0.00930294,0.0
1,1,0,1,1,0,0,0,0,0,1,1,1,0,bus_cif.y4m,2.058,0.010954451150103333,0.00945896,0.0
1,1,0,1,1,0,0,0,1,0,0,1,1,0,bus_cif.y4m,3.6479999999999997,0.01923538406167129,0.00935112,0.0
1,1,0,1,1,0,1,0,0,0,0,1,1,0,bus_cif.y4m,6.917999999999999,0.022803508501982855,0.00932902,0.0
1,1,0,1,1,1,0,0,0,0,0,0,0,0,bus_cif.y4m,29.524,0.04878524367060166,0.007059939999999999,9.69739903612216e-19
1,1,0,1,1,1,0,0,0,0,0,1,0,1,bus_cif.y4m,29.577999999999996,0.07758865896508299,0.007059939999999999,9.69739903612216e-19
1,1,0,1,1,0,1,0,0,0,0,1,0,1,bus_cif.y4m,10.658,0.024899799195976936,0.0070638,0.0
1,1,0,1,1,0,1,0,0,0,0,1,1,1,bus_cif.y4m,6.9,0.033166247903554026,0.00932902,0.0
1,1,0,1,1,0,0,0,0,1,0,1,1,0,bus_cif.y4m,2.454,0.011401754250991427,0.00946199,0.0
1,1,1,0,0,0,0,0,0,0,0,1,0,1,bus_cif.y4m,64.63199999999999,0.04764451699828958,0.00705621,0.0
1,1,0,1,1,0,0,0,1,0,0,1,1,1,city_cif.y4m,5.058000000000001,0.017888543819998385,0.00844049,0.0
1,1,0,1,1,0,0,0,1,0,0,0,0,0,city_cif.y4m,8.280000000000001,0.014142135623731277,0.007103389999999999,9.69739903612216e-19
1,1,0,1,1,0,0,1,0,0,0,1,0,1,city_cif.y4m,10.868,0.043243496620879146,0.007069790000000001,9.69739903612216e-19
1,1,1,0,0,0,0,0,0,0,0,1,1,1,city_cif.y4m,98.69399999999999,0.10644247272587909,0.00844385,0.0
1,1,0,1,1,0,0,0,0,0,1,0,0,0,city_cif.y4m,7.438000000000001,0.014832396974191399,0.007164870000000001,9.69739903612216e-19
1,1,0,1,1,0,0,1,0,0,0,1,1,0,city_cif.y4m,7.824,0.02509980079602251,0.00845711,0.0
1,1,0,1,1,0,0,0,0,1,0,1,1,1,city_cif.y4m,4.4159999999999995,0.005477225575051544,0.00851195,0.0
1,1,0,1,1,0,0,0,0,0,1,1,0,1,city_cif.y4m,7.446000000000001,0.01140175425099145,0.007164870000000001,9.69739903612216e-19
1,1,0,1,1,0,0,1,0,0,0,1,1,1,city_cif.y4m,7.836,0.034351128074635445,0.00845711,0.0
1,1,0,1,1,0,1,0,0,0,0,0,0,0,city_cif.y4m,18.426,0.050299105359836976,0.00706836,0.0
1,1,0,1,1,0,0,1,0,0,0,0,0,0,city_cif.y4m,10.867999999999999,0.028635642126552747,0.007069790000000001,9.69739903612216e-19
1,1,0,1,1,0,0,0,0,1,0,1,0,1,city_cif.y4m,7.064,0.008944271909999415,0.007088659999999999,9.69739903612216e-19
1,1,0,1,1,0,0,0,0,0,1,1,1,1,city_cif.y4m,4.452,0.01788854381999821,0.0085169,0.0
1,1,0,1,1,0,0,0,1,0,0,1,0,1,city_cif.y4m,8.307999999999998,0.02387467277262684,0.007103389999999999,9.69739903612216e-19
1,1,0,1,1,1,0,0,0,0,0,1,1,1,city_cif.y4m,37.686,0.10430723848324129,0.00843229,0.0
1,1,1,0,0,0,0,0,0,0,0,0,0,0,city_cif.y4m,142.18,0.30356218473320623,0.00707029,0.0
1,1,1,0,0,0,0,0,0,0,0,1,1,0,city_cif.y4m,95.94800000000001,0.17977764043395347,0.00844385,0.0
1,1,0,1,1,0,0,0,0,1,0,0,0,0,city_cif.y4m,7.074,0.005477225575051544,0.007088659999999999,9.69739903612216e-19
1,1,0,1,1,1,0,0,0,0,0,1,1,0,city_cif.y4m,38.708,0.10616025621672147,0.00843229,0.0
1,1,0,1,1,0,0,0,0,0,1,1,1,0,city_cif.y4m,4.305999999999999,0.026076809620810413,0.0085169,0.0
1,1,0,1,1,0,0,0,1,0,0,1,1,0,city_cif.y4m,5.174,0.032863353450310016,0.00844049,0.0
1,1,0,1,1,0,1,0,0,0,0,1,1,0,city_cif.y4m,12.906,0.06148170459575736,0.0084333,0.0
1,1,0,1,1,1,0,0,0,0,0,0,0,0,city_cif.y4m,56.001999999999995,0.163003067455798,0.00706852,0.0
1,1,0,1,1,1,0,0,0,0,0,1,0,1,city_cif.y4m,55.891999999999996,0.1089495295997185,0.00706852,0.0
1,1,0,1,1,0,1,0,0,0,0,1,0,1,city_cif.y4m,18.483999999999998,0.0415932686861709,0.00706836,0.0
1,1,0,1,1,0,1,0,0,0,0,1,1,1,city_cif.y4m,12.841999999999999,0.017888543819997937,0.0084333,0.0
1,1,0,1,1,0,0,0,0,1,0,1,1,0,city_cif.y4m,4.4399999999999995,0.017320508075688787,0.00851195,0.0
1,1,1,0,0,0,0,0,0,0,0,1,0,1,city_cif.y4m,141.98000000000002,0.31288975694324667,0.00707029,0.0
1,1,0,1,1,0,0,0,1,0,0,1,1,1,coastguard_cif.y4m,6.812,0.022803508501982702,0.00852475,0.0
1,1,0,1,1,0,0,0,1,0,0,0,0,0,coastguard_cif.y4m,10.7,0.03316624790355423,0.00688588,0.0
1,1,0,1,1,0,0,1,0,0,0,1,0,1,coastguard_cif.y4m,15.807999999999998,0.02280350850198317,0.007086489999999999,9.69739903612216e-19
1,1,1,0,0,0,0,0,0,0,0,1,1,1,coastguard_cif.y4m,88.44000000000001,0.2626785107312697,0.00839255,0.0
1,1,0,1,1,0,0,0,0,0,1,0,0,0,coastguard_cif.y4m,7.57,0.021213203435596288,0.00649352,0.0
1,1,0,1,1,0,0,1,0,0,0,1,1,0,coastguard_cif.y4m,9.622,0.025884358211089805,0.00846861,0.0
1,1,0,1,1,0,0,0,0,1,0,1,1,1,coastguard_cif.y4m,5.202,0.023874672772626695,0.0086854,0.0
1,1,0,1,1,0,0,0,0,0,1,1,0,1,coastguard_cif.y4m,7.57,0.020000000000000018,0.00649352,0.0
1,1,0,1,1,0,0,1,0,0,0,1,1,1,coastguard_cif.y4m,9.616,0.050299105359837046,0.00846861,0.0
1,1,0,1,1,0,1,0,0,0,0,0,0,0,coastguard_cif.y4m,25.886000000000003,0.032093613071762846,0.007087649999999999,9.69739903612216e-19
1,1,0,1,1,0,0,1,0,0,0,0,0,0,coastguard_cif.y4m,15.856,0.04929503017546466,0.007086489999999999,9.69739903612216e-19
1,1,0,1,1,0,0,0,0,1,0,1,0,1,coastguard_cif.y4m,8.104000000000001,0.03209361307176246,0.006506099999999999,9.69739903612216e-19
1,1,0,1,1,0,0,0,0,0,1,1,1,1,coastguard_cif.y4m,4.608,0.023874672772626563,0.00888778,0.0
1,1,0,1,1,0,0,0,1,0,0,1,0,1,coastguard_cif.y4m,10.692000000000002,0.031144823004794896,0.00688588,0.0
1,1,0,1,1,1,0,0,0,0,0,1,1,1,coastguard_cif.y4m,36.602,0.06685805860178635,0.00841737,0.0
1,1,1,0,0,0,0,0,0,0,0,0,0,0,coastguard_cif.y4m,172.412,0.287349960849133,0.00708294,0.0
1,1,1,0,0,0,0,0,0,0,0,1,1,0,coastguard_cif.y4m,88.456,0.24347484469652894,0.00839255,0.0
1,1,0,1,1,0,0,0,0,1,0,0,0,0,coastguard_cif.y4m,8.064,0.026076809620810618,0.006506099999999999,9.69739903612216e-19
1,1,0,1,1,1,0,0,0,0,0,1,1,0,coastguard_cif.y4m,36.562,0.16604216332004398,0.00841737,0.0
1,1,0,1,1,0,0,0,0,0,1,1,1,0,coastguard_cif.y4m,4.6240000000000006,0.021908902300206787,0.00888778,0.0
1,1,0,1,1,0,0,0,1,0,0,1,1,0,coastguard_cif.y4m,6.798,0.020493901531919236,0.00852475,0.0
1,1,0,1,1,0,1,0,0,0,0,1,1,0,coastguard_cif.y4m,13.788,0.04086563348340515,0.00844437,0.0
1,1,0,1,1,1,0,0,0,0,0,0,0,0,coastguard_cif.y4m,69.016,0.16102794788483446,0.00708592,0.0
1,1,0,1,1,1,0,0,0,0,0,1,0,1,coastguard_cif.y4m,68.98400000000001,0.22689204481426628,0.00708592,0.0
1,1,0,1,1,0,1,0,0,0,0,1,0,1,coastguard_cif.y4m,25.872000000000003,0.0798122797569387,0.007087649999999999,9.69739903612216e-19
1,1,0,1,1,0,1,0,0,0,0,1,1,1,coastguard_cif.y4m,13.797999999999998,0.048682645778552254,0.00844437,0.0
1,1,0,1,1,0,0,0,0,1,0,1,1,0,coastguard_cif.y4m,5.208,0.02489979919597731,0.0086854,0.0
1,1,1,0,0,0,0,0,0,0,0,1,0,1,coastguard_cif.y4m,172.41199999999998,0.36065218701680174,0.00708294,0.0
1,1,0,1,1,0,0,0,1,0,0,1,1,1,container_cif.y4m,5.394000000000001,0.019493588689617897,0.00895762,0.0
1,1,0,1,1,0,0,0,1,0,0,0,0,0,container_cif.y4m,7.586,0.023021728866442766,0.00704004,0.0
1,1,0,1,1,0,0,1,0,0,0,1,0,1,container_cif.y4m,10.418,0.050695167422546976,0.00706369,0.0
1,1,1,0,0,0,0,0,0,0,0,1,1,1,container_cif.y4m,84.99199999999999,0.17512852423291883,0.0087347,0.0
1,1,0,1,1,0,0,0,0,0,1,0,0,0,container_cif.y4m,7.438,0.026832815729997368,0.00704955,0.0
1,1,0,1,1,0,0,1,0,0,0,1,1,0,container_cif.y4m,7.5840000000000005,0.01516575088810313,0.00878419,0.0
1,1,0,1,1,0,0,0,0,1,0,1,1,1,container_cif.y4m,4.958,0.008366600265340578,0.00873983,0.0
1,1,0,1,1,0,0,0,0,0,1,1,0,1,container_cif.y4m,7.412000000000001,0.017888543819998555,0.00704955,0.0
1,1,0,1,1,0,0,1,0,0,0,1,1,1,container_cif.y4m,7.593999999999999,0.025099800796022403,0.00878419,0.0
1,1,0,1,1,0,1,0,0,0,0,0,0,0,container_cif.y4m,16.154,0.030495901363954563,0.00706884,0.0
1,1,0,1,1,0,0,1,0,0,0,0,0,0,container_cif.y4m,10.43,0.024494897427831258,0.00706369,0.0
1,1,0,1,1,0,0,0,0,1,0,1,0,1,container_cif.y4m,6.736,0.015165750888103246,0.0069953,0.0
1,1,0,1,1,0,0,0,0,0,1,1,1,1,container_cif.y4m,5.242,0.019235384061671187,0.00932386,0.0
1,1,0,1,1,0,0,0,1,0,0,1,0,1,container_cif.y4m,7.614,0.026076809620810753,0.00704004,0.0
1,1,0,1,1,1,0,0,0,0,0,1,1,1,container_cif.y4m,29.177999999999997,0.050695167422545366,0.00869007,0.0
1,1,1,0,0,0,0,0,0,0,0,0,0,0,container_cif.y4m,126.58,0.3426368339802375,0.00707314,0.0
1,1,1,0,0,0,0,0,0,0,0,1,1,0,container_cif.y4m,82.75,0.24207436873820082,0.0087347,0.0
1,1,0,1,1,0,0,0,0,1,0,0,0,0,container_cif.y4m,6.746,0.04159326868617081,0.0069953,0.0
1,1,0,1,1,1,0,0,0,0,0,1,1,0,container_cif.y4m,30.112000000000002,0.059749476985158124,0.00869007,0.0
1,1,0,1,1,0,0,0,0,0,1,1,1,0,container_cif.y4m,5.054,0.015165750888103012,0.00932386,0.0
1,1,0,1,1,0,0,0,1,0,0,1,1,0,container_cif.y4m,5.5200000000000005,0.023452078799117027,0.00895762,0.0
1,1,0,1,1,0,1,0,0,0,0,1,1,0,container_cif.y4m,10.324000000000002,0.03209361307176221,0.00881089,0.0
1,1,0,1,1,1,0,0,0,0,0,0,0,0,container_cif.y4m,44.2,0.03535533905932838,0.007076575999999999,8.94427190994604e-09
1,1,0,1,1,1,0,0,0,0,0,1,0,1,container_cif.y4m,44.230000000000004,0.12429802894655965,0.007076575999999999,8.94427190994604e-09
1,1,0,1,1,0,1,0,0,0,0,1,0,1,container_cif.y4m,16.151999999999997,0.03346640106136369,0.00706884,0.0
1,1,0,1,1,0,1,0,0,0,0,1,1,1,container_cif.y4m,10.334,0.023021728866442187,0.00881089,0.0
1,1,0,1,1,0,0,0,0,1,0,1,1,0,container_cif.y4m,4.994,0.02302172886644265,0.00873983,0.0
1,1,1,0,0,0,0,0,0,0,0,1,0,1,container_cif.y4m,126.676,0.21593980642762392,0.00707314,0.0
1,1,0,1,1,0,0,0,1,0,0,1,1,1,crew_cif.y4m,5.590000000000001,0.03162277660168382,0.007556160000000001,9.69739903612216e-19
1,1,0,1,1,0,0,0,1,0,0,0,0,0,crew_cif.y4m,9.006,0.03130495168499639,0.00715869,0.0
1,1,0,1,1,0,0,1,0,0,0,1,0,1,crew_cif.y4m,13.016,0.04277849927241487,0.007075420000000001,9.69739903612216e-19
1,1,1,0,0,0,0,0,0,0,0,1,1,1,crew_cif.y4m,70.226,0.2532390175308699,0.007501579999999999,9.69739903612216e-19
1,1,0,1,1,0,0,0,0,0,1,0,0,0,crew_cif.y4m,6.814,0.01673320053068158,0.00720871,0.0
1,1,0,1,1,0,0,1,0,0,0,1,1,0,crew_cif.y4m,8.122,0.02489979919597772,0.0075450299999999994,9.69739903612216e-19
1,1,0,1,1,0,0,0,0,1,0,1,1,1,crew_cif.y4m,4.058000000000001,0.01923538406167133,0.00765688,0.0
1,1,0,1,1,0,0,0,0,0,1,1,0,1,crew_cif.y4m,6.790000000000001,0.030822070014845018,0.00720871,0.0
1,1,0,1,1,0,0,1,0,0,0,1,1,1,crew_cif.y4m,8.008,0.02949576240750554,0.0075450299999999994,9.69739903612216e-19
1,1,0,1,1,0,1,0,0,0,0,0,0,0,crew_cif.y4m,22.509999999999998,0.07348469228349523,0.00707991,0.0
1,1,0,1,1,0,0,1,0,0,0,0,0,0,crew_cif.y4m,13.088,0.04658325879540871,0.007075420000000001,9.69739903612216e-19
1,1,0,1,1,0,0,0,0,1,0,1,0,1,crew_cif.y4m,6.958,0.022803508501982976,0.00715959,0.0
1,1,0,1,1,0,0,0,0,0,1,1,1,1,crew_cif.y4m,3.822,0.013038404810405241,0.00761263,0.0
1,1,0,1,1,0,0,0,1,0,0,1,0,1,crew_cif.y4m,8.995999999999999,0.029664793948382017,0.00715869,0.0
1,1,0,1,1,1,0,0,0,0,0,1,1,1,crew_cif.y4m,28.822000000000003,0.14889593681494515,0.00751945,0.0
1,1,1,0,0,0,0,0,0,0,0,0,0,0,crew_cif.y4m,126.306,0.29837895368138706,0.00707958,0.0
1,1,1,0,0,0,0,0,0,0,0,1,1,0,crew_cif.y4m,70.17,0.24279621084357791,0.007501579999999999,9.69739903612216e-19
1,1,0,1,1,0,0,0,0,1,0,0,0,0,crew_cif.y4m,6.953999999999999,0.02880972058177598,0.00715959,0.0
1,1,0,1,1,1,0,0,0,0,0,1,1,0,crew_cif.y4m,28.856,0.03646916505762026,0.00751945,0.0
1,1,0,1,1,0,0,0,0,0,1,1,1,0,crew_cif.y4m,3.7560000000000002,0.005477225575051544,0.00761263,0.0
1,1,0,1,1,0,0,0,1,0,0,1,1,0,crew_cif.y4m,5.99,0.025495097567963993,0.007556160000000001,9.69739903612216e-19
1,1,0,1,1,0,1,0,0,0,0,1,1,0,crew_cif.y4m,11.988,0.0370135110466434,0.007585119999999999,9.69739903612216e-19
1,1,0,1,1,1,0,0,0,0,0,0,0,0,crew_cif.y4m,55.564,0.1864939677308622,0.00708684,0.0
1,1,0,1,1,1,0,0,0,0,0,1,0,1,crew_cif.y4m,51.86,0.09082951062292467,0.00708684,0.0
1,1,0,1,1,0,1,0,0,0,0,1,0,1,crew_cif.y4m,20.990000000000002,0.05338539126015675,0.00707991,0.0
1,1,0,1,1,0,1,0,0,0,0,1,1,1,crew_cif.y4m,11.989999999999998,0.050000000000000086,0.007585119999999999,9.69739903612216e-19
1,1,0,1,1,0,0,0,0,1,0,1,1,0,crew_cif.y4m,4.022,0.021679483388678707,0.00765688,0.0
1,1,1,0,0,0,0,0,0,0,0,1,0,1,crew_cif.y4m,126.824,0.9314397457699561,0.00707958,0.0
1,1,0,1,1,0,0,0,1,0,0,1,1,1,deadline_cif.y4m,20.942,0.08348652585896763,0.00742857,0.0
1,1,0,1,1,0,0,0,1,0,0,0,0,0,deadline_cif.y4m,37.06,0.08514693182963134,0.00703114,0.0
1,1,0,1,1,0,0,1,0,0,0,1,0,1,deadline_cif.y4m,51.0,0.16673332000533117,0.00707453,0.0
1,1,1,0,0,0,0,0,0,0,0,1,1,1,deadline_cif.y4m,303.174,1.027292558135203,0.007441350000000001,9.69739903612216e-19
1,1,0,1,1,0,0,0,0,0,1,0,0,0,deadline_cif.y4m,39.21,0.09082951062292663,0.00703545,0.0
1,1,0,1,1,0,0,1,0,0,0,1,1,0,deadline_cif.y4m,29.074,0.08203657720797493,0.00739284,0.0
1,1,0,1,1,0,0,0,0,1,0,1,1,1,deadline_cif.y4m,18.567999999999998,0.0725947656515255,0.00743983,0.0
1,1,0,1,1,0,0,0,0,0,1,1,0,1,deadline_cif.y4m,39.254000000000005,0.07436396977031308,0.00703545,0.0
1,1,0,1,1,0,0,1,0,0,0,1,1,1,deadline_cif.y4m,29.07,0.08246211251235361,0.00739284,0.0
1,1,0,1,1,0,1,0,0,0,0,0,0,0,deadline_cif.y4m,79.818,0.14254823744964318,0.007074849999999999,9.69739903612216e-19
1,1,0,1,1,0,0,1,0,0,0,0,0,0,deadline_cif.y4m,50.042,0.13498148021117465,0.00707453,0.0
1,1,0,1,1,0,0,0,0,1,0,1,0,1,deadline_cif.y4m,32.980000000000004,0.0982344135219434,0.007033700000000001,9.69739903612216e-19
1,1,0,1,1,0,0,0,0,0,1,1,1,1,deadline_cif.y4m,21.292,0.030331501776206315,0.00768829,0.0
1,1,0,1,1,0,0,0,1,0,0,1,0,1,deadline_cif.y4m,36.995999999999995,0.07861297602813472,0.00703114,0.0
1,1,0,1,1,1,0,0,0,0,0,1,1,1,deadline_cif.y4m,111.852,0.22862633269157948,0.00747878,0.0
1,1,1,0,0,0,0,0,0,0,0,0,0,0,deadline_cif.y4m,551.336,1.2902054100026292,0.007075059999999999,9.69739903612216e-19
1,1,1,0,0,0,0,0,0,0,0,1,1,0,deadline_cif.y4m,294.52799999999996,0.47699056594445377,0.007441350000000001,9.69739903612216e-19
1,1,0,1,1,0,0,0,0,1,0,0,0,0,deadline_cif.y4m,32.914,0.08018728078691734,0.007033700000000001,9.69739903612216e-19
1,1,0,1,1,1,0,0,0,0,0,1,1,0,deadline_cif.y4m,111.96399999999998,0.16935170504012956,0.00747878,0.0
1,1,0,1,1,0,0,0,0,0,1,1,1,0,deadline_cif.y4m,21.282000000000004,0.0831865373723415,0.00768829,0.0
1,1,0,1,1,0,0,0,1,0,0,1,1,0,deadline_cif.y4m,20.948,0.07918333157931681,0.00742857,0.0
1,1,0,1,1,0,1,0,0,0,0,1,1,0,deadline_cif.y4m,41.356,0.10549881515922437,0.007435019999999999,9.69739903612216e-19
1,1,0,1,1,1,0,0,0,0,0,0,0,0,deadline_cif.y4m,220.37199999999999,0.47525782476462486,0.007074559999999999,9.69739903612216e-19
1,1,0,1,1,1,0,0,0,0,0,1,0,1,deadline_cif.y4m,220.42400000000004,0.7209230194687961,0.007074559999999999,9.69739903612216e-19
1,1,0,1,1,0,1,0,0,0,0,1,0,1,deadline_cif.y4m,79.674,0.146560567684491,0.007074849999999999,9.69739903612216e-19
1,1,0,1,1,0,1,0,0,0,0,1,1,1,deadline_cif.y4m,42.122,0.19829271292712627,0.007435019999999999,9.69739903612216e-19
1,1,0,1,1,0,0,0,0,1,0,1,1,0,deadline_cif.y4m,18.212,0.08700574693662459,0.00743983,0.0
1,1,1,0,0,0,0,0,0,0,0,1,0,1,deadline_cif.y4m,550.9739999999999,0.8715675533199033,0.007075059999999999,9.69739903612216e-19
1,1,0,1,1,0,0,0,1,0,0,1,1,1,flower_cif.y4m,5.734,0.03130495168499687,0.00907568,0.0
1,1,0,1,1,0,0,0,1,0,0,0,0,0,flower_cif.y4m,8.226,0.015165750888102777,0.00706789,0.0
1,1,0,1,1,0,0,1,0,0,0,1,0,1,flower_cif.y4m,11.838,0.031937438845342614,0.00706529,0.0
1,1,1,0,0,0,0,0,0,0,0,1,1,1,flower_cif.y4m,63.8,0.15620499351813397,0.00906239,0.0
1,1,0,1,1,0,0,0,0,0,1,0,0,0,flower_cif.y4m,6.260000000000001,0.01870828693386978,0.00706676,0.0
1,1,0,1,1,0,0,1,0,0,0,1,1,0,flower_cif.y4m,7.996,0.03209361307176206,0.00910853,0.0
1,1,0,1,1,0,0,0,0,1,0,1,1,1,flower_cif.y4m,4.39,0.021213203435596392,0.00914273,0.0
1,1,0,1,1,0,0,0,0,0,1,1,0,1,flower_cif.y4m,6.256,0.018165902124584857,0.00706676,0.0
1,1,0,1,1,0,0,1,0,0,0,1,1,1,flower_cif.y4m,7.9799999999999995,0.0406201920231797,0.00910853,0.0
1,1,0,1,1,0,1,0,0,0,0,0,0,0,flower_cif.y4m,18.49,0.037416573867739326,0.0070716,0.0
1,1,0,1,1,0,0,1,0,0,0,0,0,0,flower_cif.y4m,11.766000000000002,0.029664793948382527,0.00706529,0.0
1,1,0,1,1,0,0,0,0,1,0,1,0,1,flower_cif.y4m,6.282,0.020493901531919236,0.007058449999999999,9.69739903612216e-19
1,1,0,1,1,0,0,0,0,0,1,1,1,1,flower_cif.y4m,4.13,0.021213203435596288,0.0091896,0.0
1,1,0,1,1,0,0,0,1,0,0,1,0,1,flower_cif.y4m,8.206,0.028809720581776145,0.00706789,0.0
1,1,0,1,1,1,0,0,0,0,0,1,1,1,flower_cif.y4m,34.408,0.10473776778220753,0.00907563,0.0
1,1,1,0,0,0,0,0,0,0,0,0,0,0,flower_cif.y4m,111.136,0.34268060931427424,0.00708055,0.0
1,1,1,0,0,0,0,0,0,0,0,1,1,0,flower_cif.y4m,63.77,0.25019992006393516,0.00906239,0.0
1,1,0,1,1,0,0,0,0,1,0,0,0,0,flower_cif.y4m,6.264,0.01516575088810316,0.007058449999999999,9.69739903612216e-19
1,1,0,1,1,1,0,0,0,0,0,1,1,0,flower_cif.y4m,34.464,0.046690470119716145,0.00907563,0.0
1,1,0,1,1,0,0,0,0,0,1,1,1,0,flower_cif.y4m,4.1259999999999994,0.018165902124584857,0.0091896,0.0
1,1,0,1,1,0,0,0,1,0,0,1,1,0,flower_cif.y4m,5.758,0.03271085446759225,0.00907568,0.0
1,1,0,1,1,0,1,0,0,0,0,1,1,0,flower_cif.y4m,12.15,0.05291502622129203,0.00909301,0.0
1,1,0,1,1,1,0,0,0,0,0,0,0,0,flower_cif.y4m,58.158,0.16813684902483306,0.007079550000000001,9.69739903612216e-19
1,1,0,1,1,1,0,0,0,0,0,1,0,1,flower_cif.y4m,58.41600000000001,0.10163660757817598,0.007079550000000001,9.69739903612216e-19
1,1,0,1,1,0,1,0,0,0,0,1,0,1,flower_cif.y4m,18.498,0.09230384607371575,0.0070716,0.0
1,1,0,1,1,0,1,0,0,0,0,1,1,1,flower_cif.y4m,12.15,0.04743416490252543,0.00909301,0.0
1,1,0,1,1,0,0,0,0,1,0,1,1,0,flower_cif.y4m,4.4,0.02345207879911712,0.00914273,0.0
1,1,1,0,0,0,0,0,0,0,0,1,0,1,flower_cif.y4m,110.80799999999999,0.218334605594257,0.00708055,0.0
1,1,0,1,1,0,0,0,1,0,0,1,1,1,football_cif.y4m,5.07,0.027386127875258206,0.00824933,0.0
1,1,0,1,1,0,0,0,1,0,0,0,0,0,football_cif.y4m,8.982,0.03492849839314562,0.00702831,0.0
1,1,0,1,1,0,0,1,0,0,0,1,0,1,football_cif.y4m,10.858,0.04764451699828604,0.007063999999999999,9.69739903612216e-19
1,1,1,0,0,0,0,0,0,0,0,1,1,1,football_cif.y4m,54.60600000000001,0.17952715672009023,0.00809953,0.0
1,1,0,1,1,0,0,0,0,0,1,0,0,0,football_cif.y4m,6.718000000000001,0.03114482300479495,0.00705861,0.0
1,1,0,1,1,0,0,1,0,0,0,1,1,0,football_cif.y4m,6.828,0.032710854467592435,0.00817353,0.0
1,1,0,1,1,0,0,0,0,1,0,1,1,1,football_cif.y4m,3.582,0.010954451150103394,0.00824248,0.0
1,1,0,1,1,0,0,0,0,0,1,1,0,1,football_cif.y4m,6.692,0.01788854381999836,0.00705861,0.0
1,1,0,1,1,0,0,1,0,0,0,1,1,1,football_cif.y4m,6.742,0.02489979919597766,0.00817353,0.0
1,1,0,1,1,0,1,0,0,0,0,0,0,0,football_cif.y4m,19.118000000000002,0.025884358211089087,0.007088809999999999,9.69739903612216e-19
1,1,0,1,1,0,0,1,0,0,0,0,0,0,football_cif.y4m,10.879999999999999,0.031622776601683965,0.007063999999999999,9.69739903612216e-19
1,1,0,1,1,0,0,0,0,1,0,1,0,1,football_cif.y4m,6.864,0.024083189157584554,0.0070184999999999996,9.69739903612216e-19
1,1,0,1,1,0,0,0,0,0,1,1,1,1,football_cif.y4m,3.336,0.019493588689617994,0.0083051,0.0
1,1,0,1,1,0,0,0,1,0,0,1,0,1,football_cif.y4m,8.97,0.045276925690686996,0.00702831,0.0
1,1,0,1,1,1,0,0,0,0,0,1,1,1,football_cif.y4m,23.584000000000003,0.11260550608207451,0.00814126,0.0
1,1,1,0,0,0,0,0,0,0,0,0,0,0,football_cif.y4m,96.348,0.3195622005181458,0.007089340000000001,9.69739903612216e-19
1,1,1,0,0,0,0,0,0,0,0,1,1,0,football_cif.y4m,54.529999999999994,0.08831760866327901,0.00809953,0.0
1,1,0,1,1,0,0,0,0,1,0,0,0,0,football_cif.y4m,6.843999999999999,0.018165902124584882,0.0070184999999999996,9.69739903612216e-19
1,1,0,1,1,1,0,0,0,0,0,1,1,0,football_cif.y4m,23.5,0.06204836822995382,0.00814126,0.0
1,1,0,1,1,0,0,0,0,0,1,1,1,0,football_cif.y4m,3.304,0.02073644135332777,0.0083051,0.0
1,1,0,1,1,0,0,0,1,0,0,1,1,0,football_cif.y4m,5.448,0.04147288270665534,0.00824933,0.0
1,1,0,1,1,0,1,0,0,0,0,1,1,0,football_cif.y4m,9.930000000000001,0.02915475947422588,0.00820651,0.0
1,1,0,1,1,1,0,0,0,0,0,0,0,0,football_cif.y4m,45.437999999999995,0.19031552748002398,0.007078940000000001,9.69739903612216e-19
1,1,0,1,1,1,0,0,0,0,0,1,0,1,football_cif.y4m,42.376,0.1458766602304855,0.007078940000000001,9.69739903612216e-19
1,1,0,1,1,0,1,0,0,0,0,1,0,1,football_cif.y4m,17.894,0.04505552130427456,0.007088809999999999,9.69739903612216e-19
1,1,0,1,1,0,1,0,0,0,0,1,1,1,football_cif.y4m,9.914,0.02966479394838202,0.00820651,0.0
1,1,0,1,1,0,0,0,0,1,0,1,1,0,football_cif.y4m,3.54,0.022360679774997918,0.00824248,0.0
1,1,1,0,0,0,0,0,0,0,0,1,0,1,football_cif.y4m,96.638,0.707368362312029,0.007089340000000001,9.69739903612216e-19
1,1,0,1,1,0,0,0,1,0,0,1,1,1,foreman_cif.y4m,5.018,0.016431676725155095,0.00785473,0.0
1,1,0,1,1,0,0,0,1,0,0,0,0,0,foreman_cif.y4m,8.554,0.03130495168499721,0.00623532,0.0
1,1,0,1,1,0,0,1,0,0,0,1,0,1,foreman_cif.y4m,12.372,0.036331804249170055,0.00656517,0.0
1,1,1,0,0,0,0,0,0,0,0,1,1,1,foreman_cif.y4m,84.3,0.26972207918522045,0.007940456,8.94427190994604e-09
1,1,0,1,1,0,0,0,0,0,1,0,0,0,foreman_cif.y4m,6.992,0.01303840481040502,0.00614081,0.0
1,1,0,1,1,0,0,1,0,0,0,1,1,0,foreman_cif.y4m,7.697999999999999,0.04438468204234404,0.00775109,0.0
1,1,0,1,1,0,0,0,0,1,0,1,1,1,foreman_cif.y4m,4.216,0.0194935886896179,0.00781681,0.0
1,1,0,1,1,0,0,0,0,0,1,1,0,1,foreman_cif.y4m,6.9879999999999995,0.028635642126552528,0.00614081,0.0
1,1,0,1,1,0,0,1,0,0,0,1,1,1,foreman_cif.y4m,7.682,0.03420526275297416,0.00775109,0.0
1,1,0,1,1,0,1,0,0,0,0,0,0,0,foreman_cif.y4m,20.259999999999998,0.04242640687119215,0.00658613,0.0
1,1,0,1,1,0,0,1,0,0,0,0,0,0,foreman_cif.y4m,12.344,0.04393176527297787,0.00656517,0.0
1,1,0,1,1,0,0,0,0,1,0,1,0,1,foreman_cif.y4m,6.998,0.021679483388678623,0.00609059,0.0
1,1,0,1,1,0,0,0,0,0,1,1,1,1,foreman_cif.y4m,4.136,0.01516575088810313,0.00801933,0.0
1,1,0,1,1,0,0,0,1,0,0,1,0,1,foreman_cif.y4m,8.568000000000001,0.03346640106136308,0.00623532,0.0
1,1,0,1,1,1,0,0,0,0,0,1,1,1,foreman_cif.y4m,34.788,0.13645512082732453,0.00782821,0.0
1,1,1,0,0,0,0,0,0,0,0,0,0,0,foreman_cif.y4m,148.28199999999998,0.33521634805002826,0.006623220000000001,9.69739903612216e-19
1,1,1,0,0,0,0,0,0,0,0,1,1,0,foreman_cif.y4m,84.41199999999999,0.177115781340904,0.00794046,0.0
1,1,0,1,1,0,0,0,0,1,0,0,0,0,foreman_cif.y4m,7.01,0.021213203435596288,0.00609059,0.0
1,1,0,1,1,1,0,0,0,0,0,1,1,0,foreman_cif.y4m,34.756,0.09370165420097813,0.00782821,0.0
1,1,0,1,1,0,0,0,0,0,1,1,1,0,foreman_cif.y4m,4.134000000000001,0.01949358868961799,0.00801933,0.0
1,1,0,1,1,0,0,0,1,0,0,1,1,0,foreman_cif.y4m,5.05,0.03240370349203957,0.00785473,0.0
1,1,0,1,1,0,1,0,0,0,0,1,1,0,foreman_cif.y4m,12.026,0.03361547262794309,0.00781841,0.0
1,1,0,1,1,1,0,0,0,0,0,0,0,0,foreman_cif.y4m,58.836,0.11260550608207426,0.0065815,0.0
1,1,0,1,1,1,0,0,0,0,0,1,0,1,foreman_cif.y4m,59.012,0.1599062225180752,0.0065815,0.0
1,1,0,1,1,0,1,0,0,0,0,1,0,1,foreman_cif.y4m,20.246000000000002,0.061073725938409304,0.00658613,0.0
1,1,0,1,1,0,1,0,0,0,0,1,1,1,foreman_cif.y4m,11.969999999999999,0.01581138830084212,0.00781841,0.0
1,1,0,1,1,0,0,0,0,1,0,1,1,0,foreman_cif.y4m,4.223999999999999,0.02509980079602219,0.00781681,0.0
1,1,1,0,0,0,0,0,0,0,0,1,0,1,foreman_cif.y4m,148.282,0.13881642554107182,0.006623220000000001,9.69739903612216e-19
1,1,0,1,1,0,0,0,1,0,0,1,1,1,hall_monitor_cif.y4m,4.518000000000001,0.016431676725154956,0.00781571,0.0
1,1,0,1,1,0,0,0,1,0,0,0,0,0,hall_monitor_cif.y4m,7.406000000000001,0.030495901363953862,0.0070439000000000005,9.69739903612216e-19
1,1,0,1,1,0,0,1,0,0,0,1,0,1,hall_monitor_cif.y4m,10.232000000000001,0.019235384061671676,0.007093,0.0
1,1,1,0,0,0,0,0,0,0,0,1,1,1,hall_monitor_cif.y4m,65.426,0.11193748255164768,0.00781023,0.0
1,1,0,1,1,0,0,0,0,0,1,0,0,0,hall_monitor_cif.y4m,6.816,0.018165902124585027,0.00705341,0.0
1,1,0,1,1,0,0,1,0,0,0,1,1,0,hall_monitor_cif.y4m,6.766,0.0288097205817757,0.0078507,0.0
1,1,0,1,1,0,0,0,0,1,0,1,1,1,hall_monitor_cif.y4m,3.9219999999999997,0.01643167672515501,0.00779386,0.0
1,1,0,1,1,0,0,0,0,0,1,1,0,1,hall_monitor_cif.y4m,6.824000000000001,0.011401754250991408,0.00705341,0.0
1,1,0,1,1,0,0,1,0,0,0,1,1,1,hall_monitor_cif.y4m,6.597999999999999,0.01923538406167133,0.0078507,0.0
1,1,0,1,1,0,1,0,0,0,0,0,0,0,hall_monitor_cif.y4m,16.206,0.03130495168499673,0.00709462,0.0
1,1,0,1,1,0,0,1,0,0,0,0,0,0,hall_monitor_cif.y4m,10.206,0.021908902300206947,0.007093,0.0
1,1,0,1,1,0,0,0,0,1,0,1,0,1,hall_monitor_cif.y4m,6.470000000000001,0.018708286933869663,0.007061719999999999,9.69739903612216e-19
1,1,0,1,1,0,0,0,0,0,1,1,1,1,hall_monitor_cif.y4m,3.9299999999999997,0.012247448713915992,0.00782604,0.0
1,1,0,1,1,0,0,0,1,0,0,1,0,1,hall_monitor_cif.y4m,7.428,0.032710854467592344,0.0070439000000000005,9.69739903612216e-19
1,1,0,1,1,1,0,0,0,0,0,1,1,1,hall_monitor_cif.y4m,20.972,0.03834057902536169,0.00783397,0.0
1,1,1,0,0,0,0,0,0,0,0,0,0,0,hall_monitor_cif.y4m,104.482,0.18294808006645027,0.00707667,0.0
1,1,1,0,0,0,0,0,0,0,0,1,1,0,hall_monitor_cif.y4m,65.37199999999999,0.1312249976185941,0.00781023,0.0
1,1,0,1,1,0,0,0,0,1,0,0,0,0,hall_monitor_cif.y4m,6.5040000000000004,0.01949358868961781,0.007061719999999999,9.69739903612216e-19
1,1,0,1,1,1,0,0,0,0,0,1,1,0,hall_monitor_cif.y4m,20.934,0.06503845016603563,0.00783397,0.0
1,1,0,1,1,0,0,0,0,0,1,1,1,0,hall_monitor_cif.y4m,3.8280000000000003,0.010954451150103331,0.00782604,0.0
1,1,0,1,1,0,0,0,1,0,0,1,1,0,hall_monitor_cif.y4m,4.852,0.021679483388678724,0.00781571,0.0
1,1,0,1,1,0,1,0,0,0,0,1,1,0,hall_monitor_cif.y4m,9.092,0.017888543819997937,0.00788702,0.0
1,1,0,1,1,1,0,0,0,0,0,0,0,0,hall_monitor_cif.y4m,38.672,0.1402497771834245,0.007075969999999999,9.69739903612216e-19
1,1,0,1,1,1,0,0,0,0,0,1,0,1,hall_monitor_cif.y4m,36.11,0.0919238815542526,0.007075969999999999,9.69739903612216e-19
1,1,0,1,1,0,1,0,0,0,0,1,0,1,hall_monitor_cif.y4m,15.088,0.02049390153191876,0.00709462,0.0
1,1,0,1,1,0,1,0,0,0,0,1,1,1,hall_monitor_cif.y4m,9.081999999999999,0.024899799195976933,0.00788702,0.0
1,1,0,1,1,0,0,0,0,1,0,1,1,0,hall_monitor_cif.y4m,3.932,0.01788854381999837,0.00779386,0.0
1,1,1,0,0,0,0,0,0,0,0,1,0,1,hall_monitor_cif.y4m,104.298,0.18579558659989448,0.00707667,0.0
1,1,0,1,1,0,0,0,1,0,0,1,1,1,harbour_cif.y4m,7.376,0.0336154726279431,0.00866374,0.0
1,1,0,1,1,0,0,0,1,0,0,0,0,0,harbour_cif.y4m,10.176,0.0378153408023779,0.007374540000000001,9.69739903612216e-19
1,1,0,1,1,0,0,1,0,0,0,1,0,1,harbour_cif.y4m,16.404,0.06107372593841041,0.007078030000000001,9.69739903612216e-19
1,1,1,0,0,0,0,0,0,0,0,1,1,1,harbour_cif.y4m,85.176,0.23501063805708994,0.00869158,0.0
1,1,0,1,1,0,0,0,0,0,1,0,0,0,harbour_cif.y4m,6.678,0.026832815729997368,0.007257330000000001,9.69739903612216e-19
1,1,0,1,1,0,0,1,0,0,0,1,1,0,harbour_cif.y4m,11.072,0.04969909455915638,0.0086737,0.0
1,1,0,1,1,0,0,0,0,1,0,1,1,1,harbour_cif.y4m,5.305999999999999,0.027018512172212378,0.00870811,0.0
1,1,0,1,1,0,0,0,0,0,1,1,0,1,harbour_cif.y4m,6.675999999999999,0.03130495168499687,0.007257330000000001,9.69739903612216e-19
1,1,0,1,1,0,0,1,0,0,0,1,1,1,harbour_cif.y4m,10.924,0.029664793948382708,0.0086737,0.0
1,1,0,1,1,0,1,0,0,0,0,0,0,0,harbour_cif.y4m,23.395999999999997,0.043931765272977145,0.007069865999999999,8.94427190994604e-09
1,1,0,1,1,0,0,1,0,0,0,0,0,0,harbour_cif.y4m,16.428,0.030331501776205968,0.007078030000000001,9.69739903612216e-19
1,1,0,1,1,0,0,0,0,1,0,1,0,1,harbour_cif.y4m,7.4319999999999995,0.031144823004794965,0.007332820000000001,9.69739903612216e-19
1,1,0,1,1,0,0,0,0,0,1,1,1,1,harbour_cif.y4m,4.692,0.021679483388678665,0.00882413,0.0
1,1,0,1,1,0,0,0,1,0,0,1,0,1,harbour_cif.y4m,10.239999999999998,0.014142135623730649,0.007374540000000001,9.69739903612216e-19
1,1,0,1,1,1,0,0,0,0,0,1,1,1,harbour_cif.y4m,39.588,0.13274034804836043,0.00867339,0.0
1,1,1,0,0,0,0,0,0,0,0,0,0,0,harbour_cif.y4m,150.916,0.31918646587849386,0.007077126,8.94427190994604e-09
1,1,1,0,0,0,0,0,0,0,0,1,1,0,harbour_cif.y4m,85.47,0.22572106680591375,0.00869158,0.0
1,1,0,1,1,0,0,0,0,1,0,0,0,0,harbour_cif.y4m,7.4319999999999995,0.01923538406167135,0.007332820000000001,9.69739903612216e-19
1,1,0,1,1,1,0,0,0,0,0,1,1,0,harbour_cif.y4m,39.654,0.11081516141755954,0.00867339,0.0
1,1,0,1,1,0,0,0,0,0,1,1,1,0,harbour_cif.y4m,4.598000000000001,0.013038404810405428,0.00882413,0.0
1,1,0,1,1,0,0,0,1,0,0,1,1,0,harbour_cif.y4m,7.374,0.057706152185014244,0.00866374,0.0
1,1,0,1,1,0,1,0,0,0,0,1,1,0,harbour_cif.y4m,15.142000000000001,0.08043631020876056,0.00866068,0.0
1,1,0,1,1,1,0,0,0,0,0,0,0,0,harbour_cif.y4m,63.934000000000005,0.15436968614336127,0.007074700000000001,9.69739903612216e-19
1,1,0,1,1,1,0,0,0,0,0,1,0,1,harbour_cif.y4m,63.798,0.13863621460498932,0.007074700000000001,9.69739903612216e-19
1,1,0,1,1,0,1,0,0,0,0,1,0,1,harbour_cif.y4m,23.358,0.03563705936241131,0.007069865999999999,8.94427190994604e-09
1,1,0,1,1,0,1,0,0,0,0,1,1,1,harbour_cif.y4m,15.062000000000001,0.06534523701081815,0.00866068,0.0
1,1,0,1,1,0,0,0,0,1,0,1,1,0,harbour_cif.y4m,5.3340000000000005,0.020736441353327643,0.00870811,0.0
1,1,1,0,0,0,0,0,0,0,0,1,0,1,harbour_cif.y4m,151.33999999999997,0.2608639492149149,0.007077129999999999,9.69739903612216e-19
1,1,0,1,1,0,0,0,1,0,0,1,1,1,highway_cif.y4m,33.876,0.1779887636902969,0.00730078,0.0
1,1,0,1,1,0,0,0,1,0,0,0,0,0,highway_cif.y4m,55.501999999999995,0.17655027612552615,0.007159469999999999,9.69739903612216e-19
1,1,0,1,1,0,0,1,0,0,0,1,0,1,highway_cif.y4m,79.686,0.19806564568344268,0.0070679,0.0
1,1,1,0,0,0,0,0,0,0,0,1,1,1,highway_cif.y4m,505.82000000000005,1.1161541112230036,0.007312580000000001,9.69739903612216e-19
1,1,0,1,1,0,0,0,0,0,1,0,0,0,highway_cif.y4m,55.934000000000005,0.12621410380777573,0.00708,0.0
1,1,0,1,1,0,0,1,0,0,0,1,1,0,highway_cif.y4m,50.36,0.09617692030835791,0.007339509999999999,9.69739903612216e-19
1,1,0,1,1,0,0,0,0,1,0,1,1,1,highway_cif.y4m,30.863999999999997,0.07056911505751011,0.00739451,0.0
1,1,0,1,1,0,0,0,0,0,1,1,0,1,highway_cif.y4m,56.048,0.32337284981890535,0.00708,0.0
1,1,0,1,1,0,0,1,0,0,0,1,1,1,highway_cif.y4m,49.408,0.048682645778553385,0.007339509999999999,9.69739903612216e-19
1,1,0,1,1,0,1,0,0,0,0,0,0,0,highway_cif.y4m,129.29,0.30066592756746263,0.00705969,0.0
1,1,0,1,1,0,0,1,0,0,0,0,0,0,highway_cif.y4m,79.598,0.14394443372357216,0.0070679,0.0
1,1,0,1,1,0,0,0,0,1,0,1,0,1,highway_cif.y4m,50.498000000000005,0.1428985654231703,0.007077999999999999,9.69739903612216e-19
1,1,0,1,1,0,0,0,0,0,1,1,1,1,highway_cif.y4m,33.964,0.23891421054428785,0.0074256,0.0
1,1,0,1,1,0,0,0,1,0,0,1,0,1,highway_cif.y4m,55.452,0.18873261509341716,0.007159469999999999,9.69739903612216e-19
1,1,0,1,1,1,0,0,0,0,0,1,1,1,highway_cif.y4m,152.62,0.3440930106817101,0.00732291,0.0
1,1,1,0,0,0,0,0,0,0,0,0,0,0,highway_cif.y4m,900.5139999999999,1.153009106642259,0.00706792,0.0
1,1,1,0,0,0,0,0,0,0,0,1,1,0,highway_cif.y4m,516.6780000000001,1.447798328497437,0.007312580000000001,9.69739903612216e-19
1,1,0,1,1,0,0,0,0,1,0,0,0,0,highway_cif.y4m,50.410000000000004,0.09219544457292941,0.007077999999999999,9.69739903612216e-19
1,1,0,1,1,1,0,0,0,0,0,1,1,0,highway_cif.y4m,152.608,0.8661524115304352,0.00732291,0.0
1,1,0,1,1,0,0,0,0,0,1,1,1,0,highway_cif.y4m,33.784000000000006,0.07127411872482121,0.0074256,0.0
1,1,0,1,1,0,0,0,1,0,0,1,1,0,highway_cif.y4m,36.339999999999996,0.12206555615733704,0.00730078,0.0
1,1,0,1,1,0,1,0,0,0,0,1,1,0,highway_cif.y4m,66.208,0.12637246535539287,0.00733563,0.0
1,1,0,1,1,1,0,0,0,0,0,0,0,0,highway_cif.y4m,315.198,0.5447660048130842,0.00700322,0.0
1,1,0,1,1,1,0,0,0,0,0,1,0,1,highway_cif.y4m,293.646,0.22266566866044962,0.00700322,0.0
1,1,0,1,1,0,1,0,0,0,0,1,0,1,highway_cif.y4m,120.582,0.281549285205983,0.00705969,0.0
1,1,0,1,1,0,1,0,0,0,0,1,1,1,highway_cif.y4m,66.56199999999998,0.08105553651663831,0.00733563,0.0
1,1,0,1,1,0,0,0,0,1,0,1,1,0,highway_cif.y4m,30.77,0.1668831926827872,0.00739451,0.0
1,1,1,0,0,0,0,0,0,0,0,1,0,1,highway_cif.y4m,901.5040000000001,1.816736084300668,0.00706792,0.0
1,1,0,1,1,0,0,0,1,0,0,1,1,1,husky_cif.y4m,7.903999999999999,0.03049590136395385,0.0104166,0.0
1,1,0,1,1,0,0,0,1,0,0,0,0,0,husky_cif.y4m,13.996,0.05319774431308113,0.00898601,0.0
1,1,0,1,1,0,0,1,0,0,0,1,0,1,husky_cif.y4m,20.172,0.07496665925596507,0.0070755,0.0
1,1,1,0,0,0,0,0,0,0,0,1,1,1,husky_cif.y4m,77.42,0.14071247279470214,0.0104308,0.0
1,1,0,1,1,0,0,0,0,0,1,0,0,0,husky_cif.y4m,11.83,0.03464101615137745,0.00879518,0.0
1,1,0,1,1,0,0,1,0,0,0,1,1,0,husky_cif.y4m,11.308,0.04147288270665548,0.0105243,0.0
1,1,0,1,1,0,0,0,0,1,0,1,1,1,husky_cif.y4m,6.1339999999999995,0.03435112807463529,0.0101546,0.0
1,1,0,1,1,0,0,0,0,0,1,1,0,1,husky_cif.y4m,11.852,0.03346640106136281,0.00879518,0.0
1,1,0,1,1,0,0,1,0,0,0,1,1,1,husky_cif.y4m,11.264,0.035071355833500524,0.0105243,0.0
1,1,0,1,1,0,1,0,0,0,0,0,0,0,husky_cif.y4m,35.15599999999999,0.02880972058177556,0.00707034,0.0
1,1,0,1,1,0,0,1,0,0,0,0,0,0,husky_cif.y4m,20.168,0.054037024344425505,0.0070755,0.0
1,1,0,1,1,0,0,0,0,1,0,1,0,1,husky_cif.y4m,11.182,0.035637059362410885,0.0091028,0.0
1,1,0,1,1,0,0,0,0,0,1,1,1,1,husky_cif.y4m,6.108,0.021679483388678807,0.0102043,0.0
1,1,0,1,1,0,0,0,1,0,0,1,0,1,husky_cif.y4m,14.180000000000001,0.03937003937005912,0.00898601,0.0
1,1,0,1,1,1,0,0,0,0,0,1,1,1,husky_cif.y4m,44.55,0.12389511693364126,0.0105383,0.0
1,1,1,0,0,0,0,0,0,0,0,0,0,0,husky_cif.y4m,160.51999999999998,0.41140004861447654,0.00706079,0.0
1,1,1,0,0,0,0,0,0,0,0,1,1,0,husky_cif.y4m,77.47200000000001,0.18130085493455314,0.0104308,0.0
1,1,0,1,1,0,0,0,0,1,0,0,0,0,husky_cif.y4m,11.052,0.030331501776206374,0.0091028,0.0
1,1,0,1,1,1,0,0,0,0,0,1,1,0,husky_cif.y4m,44.628,0.13179529581893143,0.0105383,0.0
1,1,0,1,1,0,0,0,0,0,1,1,1,0,husky_cif.y4m,6.088,0.008366600265340578,0.0102043,0.0
1,1,0,1,1,0,0,0,1,0,0,1,1,0,husky_cif.y4m,7.938,0.024899799195977342,0.0104166,0.0
1,1,0,1,1,0,1,0,0,0,0,1,1,0,husky_cif.y4m,17.492,0.09444575162494033,0.0104936,0.0
1,1,0,1,1,1,0,0,0,0,0,0,0,0,husky_cif.y4m,92.15200000000002,0.13255187663703527,0.00706061,0.0
1,1,0,1,1,1,0,0,0,0,0,1,0,1,husky_cif.y4m,92.26599999999999,0.15852444606432328,0.00706061,0.0
1,1,0,1,1,0,1,0,0,0,0,1,0,1,husky_cif.y4m,35.184,0.083546394296822,0.00707034,0.0
1,1,0,1,1,0,1,0,0,0,0,1,1,1,husky_cif.y4m,17.526,0.059413803110051906,0.0104936,0.0
1,1,0,1,1,0,0,0,0,1,0,1,1,0,husky_cif.y4m,6.057999999999999,0.02863564212655281,0.0101546,0.0
1,1,1,0,0,0,0,0,0,0,0,1,0,1,husky_cif.y4m,160.136,0.14570518178843764,0.00706079,0.0
1,1,0,1,1,0,0,0,1,0,0,1,1,1,ice_cif.y4m,3.4339999999999997,0.025099800796022264,0.0063715099999999995,9.69739903612216e-19
1,1,0,1,1,0,0,0,1,0,0,0,0,0,ice_cif.y4m,5.682,0.03962322551231782,0.00755107,0.0
1,1,0,1,1,0,0,1,0,0,0,1,0,1,ice_cif.y4m,7.730000000000001,0.018708286933869663,0.007085220000000001,9.69739903612216e-19
1,1,1,0,0,0,0,0,0,0,0,1,1,1,ice_cif.y4m,37.694,0.07469939758793223,0.00623402,0.0
1,1,0,1,1,0,0,0,0,0,1,0,0,0,ice_cif.y4m,4.901999999999999,0.021679483388678807,0.00756849,0.0
1,1,0,1,1,0,0,1,0,0,0,1,1,0,ice_cif.y4m,4.460000000000001,0.019999999999999907,0.00633175,0.0
1,1,0,1,1,0,0,0,0,1,0,1,1,1,ice_cif.y4m,2.83,0.01581138830084191,0.0064139,0.0
1,1,0,1,1,0,0,0,0,0,1,1,0,1,ice_cif.y4m,4.901999999999999,0.01643167672515512,0.00756849,0.0
1,1,0,1,1,0,0,1,0,0,0,1,1,1,ice_cif.y4m,4.459999999999999,0.0300000000000001,0.00633175,0.0
1,1,0,1,1,0,1,0,0,0,0,0,0,0,ice_cif.y4m,11.782,0.02774887385102339,0.007090830000000001,9.69739903612216e-19
1,1,0,1,1,0,0,1,0,0,0,0,0,0,ice_cif.y4m,7.618,0.021679483388679033,0.007085220000000001,9.69739903612216e-19
1,1,0,1,1,0,0,0,0,1,0,1,0,1,ice_cif.y4m,4.894,0.011401754250991566,0.00757742,0.0
1,1,0,1,1,0,0,0,0,0,1,1,1,1,ice_cif.y4m,2.834,0.013416407864998816,0.00639022,0.0
1,1,0,1,1,0,0,0,1,0,0,1,0,1,ice_cif.y4m,5.684000000000001,0.021908902300206562,0.00755107,0.0
1,1,0,1,1,1,0,0,0,0,0,1,1,1,ice_cif.y4m,16.004,0.06188699378706272,0.00622136,0.0
1,1,1,0,0,0,0,0,0,0,0,0,0,0,ice_cif.y4m,71.27000000000001,0.18371173070873895,0.00708933,0.0
1,1,1,0,0,0,0,0,0,0,0,1,1,0,ice_cif.y4m,37.714,0.07127411872482302,0.00623402,0.0
1,1,0,1,1,0,0,0,0,1,0,0,0,0,ice_cif.y4m,4.914000000000001,0.024083189157584776,0.00757742,0.0
1,1,0,1,1,1,0,0,0,0,0,1,1,0,ice_cif.y4m,16.014000000000003,0.011401754250991448,0.00622136,0.0
1,1,0,1,1,0,0,0,0,0,1,1,1,0,ice_cif.y4m,2.8120000000000003,0.02167948338867891,0.00639022,0.0
1,1,0,1,1,0,0,0,1,0,0,1,1,0,ice_cif.y4m,3.4239999999999995,0.011401754250991351,0.0063715099999999995,9.69739903612216e-19
1,1,0,1,1,0,1,0,0,0,0,1,1,0,ice_cif.y4m,6.572,0.03563705936241093,0.00631457,0.0
1,1,0,1,1,1,0,0,0,0,0,0,0,0,ice_cif.y4m,31.182,0.09628083921528804,0.00709124,0.0
1,1,0,1,1,1,0,0,0,0,0,1,0,1,ice_cif.y4m,31.24,0.01870828693386978,0.00709124,0.0
1,1,0,1,1,0,1,0,0,0,0,1,0,1,ice_cif.y4m,11.765999999999998,0.028809720581775253,0.007090830000000001,9.69739903612216e-19
1,1,0,1,1,0,1,0,0,0,0,1,1,1,ice_cif.y4m,6.636,0.008944271909999316,0.00631457,0.0
1,1,0,1,1,0,0,0,0,1,0,1,1,0,ice_cif.y4m,2.8,0.010000000000000009,0.0064139,0.0
1,1,1,0,0,0,0,0,0,0,0,1,0,1,ice_cif.y4m,69.92999999999999,0.2712931993250065,0.00708933,0.0
1,1,0,1,1,0,0,0,1,0,0,1,1,1,mad900_cif.y4m,16.256,0.07765307463326822,0.00781766,0.0
1,1,0,1,1,0,0,0,1,0,0,0,0,0,mad900_cif.y4m,25.136000000000003,0.09343446901438474,0.00696034,0.0
1,1,0,1,1,0,0,1,0,0,0,1,0,1,mad900_cif.y4m,39.984,0.15725775020646823,0.00714335,0.0
1,1,1,0,0,0,0,0,0,0,0,1,1,1,mad900_cif.y4m,237.356,0.7847483673127355,0.0077567,0.0
1,1,0,1,1,0,0,0,0,0,1,0,0,0,mad900_cif.y4m,25.413999999999998,0.04929503017546451,0.00698411,0.0
1,1,0,1,1,0,0,1,0,0,0,1,1,0,mad900_cif.y4m,23.792,0.1263724653553934,0.007775309999999999,9.69739903612216e-19
1,1,0,1,1,0,0,0,0,1,0,1,1,1,mad900_cif.y4m,14.008000000000001,0.05118593556827895,0.007780520000000001,9.69739903612216e-19
1,1,0,1,1,0,0,0,0,0,1,1,0,1,mad900_cif.y4m,25.364,0.03781534080237826,0.00698411,0.0
1,1,0,1,1,0,0,1,0,0,0,1,1,1,mad900_cif.y4m,23.788,0.10425929215182766,0.007775309999999999,9.69739903612216e-19
1,1,0,1,1,0,1,0,0,0,0,0,0,0,mad900_cif.y4m,59.738,0.08757853618324479,0.0071369,0.0
1,1,0,1,1,0,0,1,0,0,0,0,0,0,mad900_cif.y4m,39.122,0.06418722614352582,0.00714335,0.0
1,1,0,1,1,0,0,0,0,1,0,1,0,1,mad900_cif.y4m,22.156,0.054589376255824856,0.0069659,0.0
1,1,0,1,1,0,0,0,0,0,1,1,1,1,mad900_cif.y4m,15.118,0.03346640106136316,0.00788124,0.0
1,1,0,1,1,0,0,0,1,0,0,1,0,1,mad900_cif.y4m,25.306,0.09181503144910319,0.00696034,0.0
1,1,0,1,1,1,0,0,0,0,0,1,1,1,mad900_cif.y4m,89.564,0.27180875629751416,0.007769679999999999,9.69739903612216e-19
1,1,1,0,0,0,0,0,0,0,0,0,0,0,mad900_cif.y4m,458.296,0.6872626863143397,0.00713323,0.0
1,1,1,0,0,0,0,0,0,0,0,1,1,0,mad900_cif.y4m,231.67800000000003,0.9113561323653847,0.0077567,0.0
1,1,0,1,1,0,0,0,0,1,0,0,0,0,mad900_cif.y4m,22.106,0.057271284253105584,0.0069659,0.0
1,1,0,1,1,1,0,0,0,0,0,1,1,0,mad900_cif.y4m,89.744,0.20452383724153142,0.007769679999999999,9.69739903612216e-19
1,1,0,1,1,0,0,0,0,0,1,1,1,0,mad900_cif.y4m,15.16,0.0300000000000001,0.00788124,0.0
1,1,0,1,1,0,0,0,1,0,0,1,1,0,mad900_cif.y4m,16.235999999999997,0.04335896677735713,0.00781766,0.0
1,1,0,1,1,0,1,0,0,0,0,1,1,0,mad900_cif.y4m,32.19,0.12825755338380684,0.00777213,0.0
1,1,0,1,1,1,0,0,0,0,0,0,0,0,mad900_cif.y4m,169.68800000000002,0.6085392345609318,0.00714384,0.0
1,1,0,1,1,1,0,0,0,0,0,1,0,1,mad900_cif.y4m,169.622,0.5111457717716125,0.00714384,0.0
1,1,0,1,1,0,1,0,0,0,0,1,0,1,mad900_cif.y4m,59.8,0.18828170383762693,0.0071369,0.0
1,1,0,1,1,0,1,0,0,0,0,1,1,1,mad900_cif.y4m,32.75,0.06964194138592128,0.00777213,0.0
1,1,0,1,1,0,0,0,0,1,0,1,1,0,mad900_cif.y4m,13.788,0.06723094525588656,0.007780520000000001,9.69739903612216e-19
1,1,1,0,0,0,0,0,0,0,0,1,0,1,mad900_cif.y4m,458.716,1.0852326939417238,0.00713323,0.0
1,1,0,1,1,0,0,0,1,0,0,1,1,1,mobile_cif.y4m,7.037999999999999,0.034928498393145956,0.00934437,0.0
1,1,0,1,1,0,0,0,1,0,0,0,0,0,mobile_cif.y4m,10.733999999999998,0.03847076812334238,0.00689763,0.0
1,1,0,1,1,0,0,1,0,0,0,1,0,1,mobile_cif.y4m,14.424000000000001,0.042190046219457766,0.006984849999999999,9.69739903612216e-19
1,1,1,0,0,0,0,0,0,0,0,1,1,1,mobile_cif.y4m,90.44000000000001,0.3405143168796307,0.00932734,0.0
1,1,0,1,1,0,0,0,0,0,1,0,0,0,mobile_cif.y4m,7.428,0.024899799195977415,0.006956329999999999,9.69739903612216e-19
1,1,0,1,1,0,0,1,0,0,0,1,1,0,mobile_cif.y4m,10.251999999999999,0.04024922359499536,0.00934134,0.0
1,1,0,1,1,0,0,0,0,1,0,1,1,1,mobile_cif.y4m,4.662,0.021679483388679074,0.00936609,0.0
1,1,0,1,1,0,0,0,0,0,1,1,0,1,mobile_cif.y4m,7.43,0.024494897427831713,0.006956329999999999,9.69739903612216e-19
1,1,0,1,1,0,0,1,0,0,0,1,1,1,mobile_cif.y4m,10.242,0.04494441010848812,0.00934134,0.0
1,1,0,1,1,0,1,0,0,0,0,0,0,0,mobile_cif.y4m,21.018,0.07293833011524282,0.007054309999999999,9.69739903612216e-19
1,1,0,1,1,0,0,1,0,0,0,0,0,0,mobile_cif.y4m,14.416,0.038470768123343026,0.006984849999999999,9.69739903612216e-19
1,1,0,1,1,0,0,0,0,1,0,1,0,1,mobile_cif.y4m,7.825999999999999,0.02302172886644259,0.00694453,0.0
1,1,0,1,1,0,0,0,0,0,1,1,1,1,mobile_cif.y4m,4.144,0.01673320053068158,0.00949283,0.0
1,1,0,1,1,0,0,0,1,0,0,1,0,1,mobile_cif.y4m,10.754000000000001,0.03577708763999657,0.00689763,0.0
1,1,0,1,1,1,0,0,0,0,0,1,1,1,mobile_cif.y4m,42.895999999999994,0.1364917579929275,0.00933288,0.0
1,1,1,0,0,0,0,0,0,0,0,0,0,0,mobile_cif.y4m,138.682,0.17711578134090644,0.00707334,0.0
1,1,1,0,0,0,0,0,0,0,0,1,1,0,mobile_cif.y4m,90.22999999999999,0.31898275815473387,0.009327336,8.94427190994604e-09
1,1,0,1,1,0,0,0,0,1,0,0,0,0,mobile_cif.y4m,7.822,0.03114482300479495,0.00694453,0.0
1,1,0,1,1,1,0,0,0,0,0,1,1,0,mobile_cif.y4m,43.036,0.11392980294900809,0.00933288,0.0
1,1,0,1,1,0,0,0,0,0,1,1,1,0,mobile_cif.y4m,4.1819999999999995,0.010954451150103454,0.00949283,0.0
1,1,0,1,1,0,0,0,1,0,0,1,1,0,mobile_cif.y4m,7.045999999999999,0.027928480087538163,0.00934437,0.0
1,1,0,1,1,0,1,0,0,0,0,1,1,0,mobile_cif.y4m,14.626,0.04393176527297755,0.00932282,0.0
1,1,0,1,1,1,0,0,0,0,0,0,0,0,mobile_cif.y4m,64.55199999999999,0.14394443372357396,0.00707171,0.0
1,1,0,1,1,1,0,0,0,0,0,1,0,1,mobile_cif.y4m,64.50399999999999,0.14380542409798266,0.00707171,0.0
1,1,0,1,1,0,1,0,0,0,0,1,0,1,mobile_cif.y4m,21.038,0.08228000972289777,0.007054309999999999,9.69739903612216e-19
1,1,0,1,1,0,1,0,0,0,0,1,1,1,mobile_cif.y4m,14.669999999999998,0.049999999999999996,0.00932282,0.0
1,1,0,1,1,0,0,0,0,1,0,1,1,0,mobile_cif.y4m,4.66,0.022360679774998015,0.00936609,0.0
1,1,1,0,0,0,0,0,0,0,0,1,0,1,mobile_cif.y4m,138.71599999999998,0.3393081195609694,0.00707334,0.0
1,1,0,1,1,0,0,0,1,0,0,1,1,1,mother_daughter_cif.y4m,5.3759999999999994,0.0230217288664429,0.00746329,0.0
1,1,0,1,1,0,0,0,1,0,0,0,0,0,mother_daughter_cif.y4m,8.280000000000001,0.033166247903554096,0.00704079,0.0
1,1,0,1,1,0,0,1,0,0,0,1,0,1,mother_daughter_cif.y4m,11.181999999999999,0.025884358211089496,0.00672692,0.0
1,1,1,0,0,0,0,0,0,0,0,1,1,1,mother_daughter_cif.y4m,68.67,0.1915724406066827,0.00743194,0.0
1,1,0,1,1,0,0,0,0,0,1,0,0,0,mother_daughter_cif.y4m,8.2,0.015811388300842402,0.0070766,0.0
1,1,0,1,1,0,0,1,0,0,0,1,1,0,mother_daughter_cif.y4m,7.738000000000001,0.028635642126552528,0.00752216,0.0
1,1,0,1,1,0,0,0,0,1,0,1,1,1,mother_daughter_cif.y4m,4.617999999999999,0.013038404810405326,0.007488339999999999,9.69739903612216e-19
1,1,0,1,1,0,0,0,0,0,1,1,0,1,mother_daughter_cif.y4m,8.202,0.03033150177620652,0.0070766,0.0
1,1,0,1,1,0,0,1,0,0,0,1,1,1,mother_daughter_cif.y4m,7.748,0.02387467277262649,0.00752216,0.0
1,1,0,1,1,0,1,0,0,0,0,0,0,0,mother_daughter_cif.y4m,16.98,0.04743416490252543,0.00683763,0.0
1,1,0,1,1,0,0,1,0,0,0,0,0,0,mother_daughter_cif.y4m,11.173999999999998,0.018165902124584563,0.00672692,0.0
1,1,0,1,1,0,0,0,0,1,0,1,0,1,mother_daughter_cif.y4m,7.304,0.02792848008753797,0.007018689999999999,9.69739903612216e-19
1,1,0,1,1,0,0,0,0,0,1,1,1,1,mother_daughter_cif.y4m,5.076,0.018165902124584955,0.0075756,0.0
1,1,0,1,1,0,0,0,1,0,0,1,0,1,mother_daughter_cif.y4m,8.288,0.02280350850198313,0.00704079,0.0
1,1,0,1,1,1,0,0,0,0,0,1,1,1,mother_daughter_cif.y4m,25.02,0.10392304845413204,0.007486919999999999,9.69739903612216e-19
1,1,1,0,0,0,0,0,0,0,0,0,0,0,mother_daughter_cif.y4m,113.72999999999999,0.21897488440458276,0.006865869999999999,9.69739903612216e-19
1,1,1,0,0,0,0,0,0,0,0,1,1,0,mother_daughter_cif.y4m,68.79599999999999,0.18729655629508926,0.00743194,0.0
1,1,0,1,1,0,0,0,0,1,0,0,0,0,mother_daughter_cif.y4m,7.294,0.023021728866442766,0.007018689999999999,9.69739903612216e-19
1,1,0,1,1,1,0,0,0,0,0,1,1,0,mother_daughter_cif.y4m,25.622000000000003,0.07155417527999308,0.007486919999999999,9.69739903612216e-19
1,1,0,1,1,0,0,0,0,0,1,1,1,0,mother_daughter_cif.y4m,4.9479999999999995,0.013038404810405019,0.0075756,0.0
1,1,0,1,1,0,0,0,1,0,0,1,1,0,mother_daughter_cif.y4m,5.3759999999999994,0.020736441353327816,0.00746329,0.0
1,1,0,1,1,0,1,0,0,0,0,1,1,0,mother_daughter_cif.y4m,10.27,0.02738612787525821,0.00750209,0.0
1,1,0,1,1,1,0,0,0,0,0,0,0,0,mother_daughter_cif.y4m,43.446000000000005,0.08561541917201591,0.00687518,0.0
1,1,0,1,1,1,0,0,0,0,0,1,0,1,mother_daughter_cif.y4m,43.65599999999999,0.1339029499301641,0.00687518,0.0
1,1,0,1,1,0,1,0,0,0,0,1,0,1,mother_daughter_cif.y4m,17.032,0.05805170109479947,0.00683763,0.0
1,1,0,1,1,0,1,0,0,0,0,1,1,1,mother_daughter_cif.y4m,10.25,0.027386127875257724,0.00750209,0.0
1,1,0,1,1,0,0,0,0,1,0,1,1,0,mother_daughter_cif.y4m,4.680000000000001,0.017320508075688787,0.007488339999999999,9.69739903612216e-19
1,1,1,0,0,0,0,0,0,0,0,1,0,1,mother_daughter_cif.y4m,111.13999999999999,0.22226110770892826,0.006865869999999999,9.69739903612216e-19
1,1,0,1,1,0,0,0,1,0,0,1,1,1,news_cif.y4m,4.384,0.005477225575051544,0.00716084,0.0
1,1,0,1,1,0,0,0,1,0,0,0,0,0,news_cif.y4m,8.174,0.02880972058177581,0.00725731,0.0
1,1,0,1,1,0,0,1,0,0,0,1,0,1,news_cif.y4m,11.23,0.04183300132670384,0.00708175,0.0
1,1,1,0,0,0,0,0,0,0,0,1,1,1,news_cif.y4m,55.391999999999996,0.14720733677368092,0.00713664,0.0
1,1,0,1,1,0,0,0,0,0,1,0,0,0,news_cif.y4m,7.973999999999999,0.01516575088810316,0.007269780000000001,9.69739903612216e-19
1,1,0,1,1,0,0,1,0,0,0,1,1,0,news_cif.y4m,5.8660000000000005,0.011401754250991448,0.007152509999999999,9.69739903612216e-19
1,1,0,1,1,0,0,0,0,1,0,1,1,1,news_cif.y4m,3.8720000000000008,0.013038404810405208,0.00719137,0.0
1,1,0,1,1,0,0,0,0,0,1,1,0,1,news_cif.y4m,7.946,0.011401754250991448,0.007269780000000001,9.69739903612216e-19
1,1,0,1,1,0,0,1,0,0,0,1,1,1,news_cif.y4m,5.8500000000000005,0.007071067811865638,0.007152509999999999,9.69739903612216e-19
1,1,0,1,1,0,1,0,0,0,0,0,0,0,news_cif.y4m,16.410000000000004,0.032403703492039436,0.00707145,0.0
1,1,0,1,1,0,0,1,0,0,0,0,0,0,news_cif.y4m,11.26,0.024494897427831258,0.00708175,0.0
1,1,0,1,1,0,0,0,0,1,0,1,0,1,news_cif.y4m,7.3180000000000005,0.016431676725155008,0.00727303,0.0
1,1,0,1,1,0,0,0,0,0,1,1,1,1,news_cif.y4m,4.238,0.016431676725154876,0.00729214,0.0
1,1,0,1,1,0,0,0,1,0,0,1,0,1,news_cif.y4m,8.216,0.015165750888103539,0.00725731,0.0
1,1,0,1,1,1,0,0,0,0,0,1,1,1,news_cif.y4m,19.716,0.07700649323271395,0.007182909999999999,9.69739903612216e-19
1,1,1,0,0,0,0,0,0,0,0,0,0,0,news_cif.y4m,108.94000000000001,0.2668332812825279,0.00707207,0.0
1,1,1,0,0,0,0,0,0,0,0,1,1,0,news_cif.y4m,55.512,0.1042592921518283,0.00713664,0.0
1,1,0,1,1,0,0,0,0,1,0,0,0,0,news_cif.y4m,7.314,0.005477225575052031,0.00727303,0.0
1,1,0,1,1,1,0,0,0,0,0,1,1,0,news_cif.y4m,20.204,0.04393176527297771,0.007182909999999999,9.69739903612216e-19
1,1,0,1,1,0,0,0,0,0,1,1,1,0,news_cif.y4m,4.142,0.028635642126552778,0.00729214,0.0
1,1,0,1,1,0,0,0,1,0,0,1,1,0,news_cif.y4m,4.366,0.01949358868961799,0.00716084,0.0
1,1,0,1,1,0,1,0,0,0,0,1,1,0,news_cif.y4m,8.162,0.026832815729996903,0.007196220000000001,9.69739903612216e-19
1,1,0,1,1,1,0,0,0,0,0,0,0,0,news_cif.y4m,43.870000000000005,0.11726039399558831,0.007069259999999999,9.69739903612216e-19
1,1,0,1,1,1,0,0,0,0,0,1,0,1,news_cif.y4m,43.81,0.09974968671629976,0.007069259999999999,9.69739903612216e-19
1,1,0,1,1,0,1,0,0,0,0,1,0,1,news_cif.y4m,16.438,0.041472882706655244,0.00707145,0.0
1,1,0,1,1,0,1,0,0,0,0,1,1,1,news_cif.y4m,8.181999999999999,0.024899799195976936,0.007196220000000001,9.69739903612216e-19
1,1,0,1,1,0,0,0,0,1,0,1,1,0,news_cif.y4m,3.9480000000000004,0.01923538406167143,0.00719137,0.0
1,1,1,0,0,0,0,0,0,0,0,1,0,1,news_cif.y4m,105.93799999999999,0.26157216977346853,0.00707207,0.0
1,1,0,1,1,0,0,0,1,0,0,1,1,1,pamphlet_cif.y4m,5.434,0.013416407864998916,0.00830904,0.0
1,1,0,1,1,0,0,0,1,0,0,0,0,0,pamphlet_cif.y4m,7.311999999999999,0.04266145801540335,0.00712912,0.0
1,1,0,1,1,0,0,1,0,0,0,1,0,1,pamphlet_cif.y4m,11.803999999999998,0.033615472627943406,0.007004289999999999,9.69739903612216e-19
1,1,1,0,0,0,0,0,0,0,0,1,1,1,pamphlet_cif.y4m,63.669999999999995,0.17248188310660287,0.00835792,0.0
1,1,0,1,1,0,0,0,0,0,1,0,0,0,pamphlet_cif.y4m,7.333999999999999,0.03646916505762086,0.007224360000000001,9.69739903612216e-19
1,1,0,1,1,0,0,1,0,0,0,1,1,0,pamphlet_cif.y4m,7.888000000000001,0.036331804249170124,0.00838455,0.0
1,1,0,1,1,0,0,0,0,1,0,1,1,1,pamphlet_cif.y4m,4.686,0.011401754250991566,0.00853023,0.0
1,1,0,1,1,0,0,0,0,0,1,1,0,1,pamphlet_cif.y4m,7.336,0.005477225575051544,0.007224360000000001,9.69739903612216e-19
1,1,0,1,1,0,0,1,0,0,0,1,1,1,pamphlet_cif.y4m,7.9159999999999995,0.03286335345030988,0.00838455,0.0
1,1,0,1,1,0,1,0,0,0,0,0,0,0,pamphlet_cif.y4m,16.666,0.06804410334481584,0.00702038,0.0
1,1,0,1,1,0,0,1,0,0,0,0,0,0,pamphlet_cif.y4m,11.540000000000001,0.01870828693387002,0.007004289999999999,9.69739903612216e-19
1,1,0,1,1,0,0,0,0,1,0,1,0,1,pamphlet_cif.y4m,6.45,0.027386127875258695,0.00717252,0.0
1,1,0,1,1,0,0,0,0,0,1,1,1,1,pamphlet_cif.y4m,5.122,0.016431676725154633,0.00851596,0.0
1,1,0,1,1,0,0,0,1,0,0,1,0,1,pamphlet_cif.y4m,7.3,0.02449489742783162,0.00712912,0.0
1,1,0,1,1,1,0,0,0,0,0,1,1,1,pamphlet_cif.y4m,25.05,0.05830951894845298,0.00835086,0.0
1,1,1,0,0,0,0,0,0,0,0,0,0,0,pamphlet_cif.y4m,98.024,0.2833372548748232,0.006998699999999999,9.69739903612216e-19
1,1,1,0,0,0,0,0,0,0,0,1,1,0,pamphlet_cif.y4m,61.83399999999999,0.16772000476985563,0.00835792,0.0
1,1,0,1,1,0,0,0,0,1,0,0,0,0,pamphlet_cif.y4m,6.473999999999999,0.02701851217221239,0.00717252,0.0
1,1,0,1,1,1,0,0,0,0,0,1,1,0,pamphlet_cif.y4m,25.044,0.06804410334481632,0.00835086,0.0
1,1,0,1,1,0,0,0,0,0,1,1,1,0,pamphlet_cif.y4m,5.1419999999999995,0.013038404810405463,0.00851596,0.0
1,1,0,1,1,0,0,0,1,0,0,1,1,0,pamphlet_cif.y4m,5.434,0.027928480087538066,0.00830904,0.0
1,1,0,1,1,0,1,0,0,0,0,1,1,0,pamphlet_cif.y4m,10.302,0.05540758070878065,0.00837315,0.0
1,1,0,1,1,1,0,0,0,0,0,0,0,0,pamphlet_cif.y4m,43.552,0.11366617790706271,0.0070848,0.0
1,1,0,1,1,1,0,0,0,0,0,1,0,1,pamphlet_cif.y4m,43.47,0.07176350047203843,0.0070848,0.0
1,1,0,1,1,0,1,0,0,0,0,1,0,1,pamphlet_cif.y4m,16.672,0.05069516742254607,0.00702038,0.0
1,1,0,1,1,0,1,0,0,0,0,1,1,1,pamphlet_cif.y4m,10.542,0.027748873851023523,0.00837315,0.0
1,1,0,1,1,0,0,0,0,1,0,1,1,0,pamphlet_cif.y4m,4.5840000000000005,0.01516575088810313,0.00853023,0.0
1,1,1,0,0,0,0,0,0,0,0,1,0,1,pamphlet_cif.y4m,98.06,0.29077482697097623,0.006998699999999999,9.69739903612216e-19
1,1,0,1,1,0,0,0,1,0,0,1,1,1,paris_cif.y4m,16.058,0.0887130204648675,0.00761281,0.0
1,1,0,1,1,0,0,0,1,0,0,0,0,0,paris_cif.y4m,27.95,0.08514693182963269,0.0071394,0.0
1,1,0,1,1,0,0,1,0,0,0,1,0,1,paris_cif.y4m,38.194,0.16180234856144637,0.00710147,0.0
1,1,1,0,0,0,0,0,0,0,0,1,1,1,paris_cif.y4m,229.414,1.006642935702635,0.007561380000000001,9.69739903612216e-19
1,1,0,1,1,0,0,0,0,0,1,0,0,0,paris_cif.y4m,27.098000000000003,0.03701351104664347,0.007191787999999999,4.47213595497302e-09
1,1,0,1,1,0,0,1,0,0,0,1,1,0,paris_cif.y4m,21.684000000000005,0.05504543577809133,0.00749151,0.0
1,1,0,1,1,0,0,0,0,1,0,1,1,1,paris_cif.y4m,13.697999999999999,0.07120393247567167,0.00770502,0.0
1,1,0,1,1,0,0,0,0,0,1,1,0,1,paris_cif.y4m,27.145999999999997,0.04722287581247046,0.007191787999999999,4.47213595497302e-09
1,1,0,1,1,0,0,1,0,0,0,1,1,1,paris_cif.y4m,21.712,0.06099180272790761,0.00749151,0.0
1,1,0,1,1,0,1,0,0,0,0,0,0,0,paris_cif.y4m,57.196000000000005,0.12541929676090555,0.00709241,0.0
1,1,0,1,1,0,0,1,0,0,0,0,0,0,paris_cif.y4m,38.18,0.08602325267042608,0.00710147,0.0
1,1,0,1,1,0,0,0,0,1,0,1,0,1,paris_cif.y4m,24.558,0.03768288736283411,0.007173298,4.47213595497302e-09
1,1,0,1,1,0,0,0,0,0,1,1,1,1,paris_cif.y4m,15.4,0.0339116499156264,0.00788955,0.0
1,1,0,1,1,0,0,0,1,0,0,1,0,1,paris_cif.y4m,27.924,0.09181503144910452,0.0071394,0.0
1,1,0,1,1,1,0,0,0,0,0,1,1,1,paris_cif.y4m,81.492,0.30036644286604736,0.007553809999999999,9.69739903612216e-19
1,1,1,0,0,0,0,0,0,0,0,0,0,0,paris_cif.y4m,396.69,1.0575679647190446,0.00709989,0.0
1,1,1,0,0,0,0,0,0,0,0,1,1,0,paris_cif.y4m,228.74200000000002,0.39442363012376186,0.0075613780000000005,4.47213595497302e-09
1,1,0,1,1,0,0,0,0,1,0,0,0,0,paris_cif.y4m,24.582,0.041472882706655285,0.007173298,4.47213595497302e-09
1,1,0,1,1,1,0,0,0,0,0,1,1,0,paris_cif.y4m,83.988,0.2729835159858547,0.007553809999999999,9.69739903612216e-19
1,1,0,1,1,0,0,0,0,0,1,1,1,0,paris_cif.y4m,14.941999999999998,0.03420526275297437,0.00788955,0.0
1,1,0,1,1,0,0,0,1,0,0,1,1,0,paris_cif.y4m,16.206,0.04669047011971489,0.00761281,0.0
1,1,0,1,1,0,1,0,0,0,0,1,1,0,paris_cif.y4m,31.810000000000002,0.10862780491200237,0.0075507199999999995,9.69739903612216e-19
1,1,0,1,1,1,0,0,0,0,0,0,0,0,paris_cif.y4m,163.88,0.27513632984394826,0.00710644,0.0
1,1,0,1,1,1,0,0,0,0,0,1,0,1,paris_cif.y4m,163.614,0.3416577234601945,0.00710644,0.0
1,1,0,1,1,0,1,0,0,0,0,1,0,1,paris_cif.y4m,57.172000000000004,0.09884331034521249,0.00709241,0.0
1,1,0,1,1,0,1,0,0,0,0,1,1,1,paris_cif.y4m,31.860000000000003,0.09082951062292487,0.0075507199999999995,9.69739903612216e-19
1,1,0,1,1,0,0,0,0,1,0,1,1,0,paris_cif.y4m,14.02,0.049497474683058706,0.00770502,0.0
1,1,1,0,0,0,0,0,0,0,0,1,0,1,paris_cif.y4m,386.20199999999994,0.6614151495089813,0.00709989,0.0
1,1,0,1,1,0,0,0,1,0,0,1,1,1,sign_irene_cif.y4m,7.878,0.020493901531919104,0.00758968,0.0
1,1,0,1,1,0,0,0,1,0,0,0,0,0,sign_irene_cif.y4m,12.734,0.04159326868617053,0.00861387,0.0
1,1,0,1,1,0,0,1,0,0,0,1,0,1,sign_irene_cif.y4m,18.314,0.05176871642217868,0.00843011,0.0
1,1,1,0,0,0,0,0,0,0,0,1,1,1,sign_irene_cif.y4m,86.208,0.18952572384771768,0.007427100000000001,9.69739903612216e-19
1,1,0,1,1,0,0,0,0,0,1,0,0,0,sign_irene_cif.y4m,12.542000000000002,0.04024922359499608,0.00860141,0.0
1,1,0,1,1,0,0,1,0,0,0,1,1,0,sign_irene_cif.y4m,10.614,0.04335896677735762,0.007547899999999999,9.69739903612216e-19
1,1,0,1,1,0,0,0,0,1,0,1,1,1,sign_irene_cif.y4m,6.831999999999999,0.025884358211089614,0.00758611,0.0
1,1,0,1,1,0,0,0,0,0,1,1,0,1,sign_irene_cif.y4m,12.492,0.03701351104664321,0.00860141,0.0
1,1,0,1,1,0,0,1,0,0,0,1,1,1,sign_irene_cif.y4m,10.474,0.033615472627943406,0.007547899999999999,9.69739903612216e-19
1,1,0,1,1,0,1,0,0,0,0,0,0,0,sign_irene_cif.y4m,32.10799999999999,0.04207136793592609,0.00844734,0.0
1,1,0,1,1,0,0,1,0,0,0,0,0,0,sign_irene_cif.y4m,18.274,0.04560701700396563,0.00843011,0.0
1,1,0,1,1,0,0,0,0,1,0,1,0,1,sign_irene_cif.y4m,11.260000000000002,0.02915475947422649,0.00863216,0.0
1,1,0,1,1,0,0,0,0,0,1,1,1,1,sign_irene_cif.y4m,7.139999999999999,0.03807886552931949,0.007657700000000001,9.69739903612216e-19
1,1,0,1,1,0,0,0,1,0,0,1,0,1,sign_irene_cif.y4m,12.754,0.04774934554525339,0.00861387,0.0
1,1,0,1,1,1,0,0,0,0,0,1,1,1,sign_irene_cif.y4m,35.32000000000001,0.11768602295939878,0.007431,0.0
1,1,1,0,0,0,0,0,0,0,0,0,0,0,sign_irene_cif.y4m,174.92800000000003,0.31917080066948456,0.00842469,0.0
1,1,1,0,0,0,0,0,0,0,0,1,1,0,sign_irene_cif.y4m,88.464,0.20057417580536052,0.007427100000000001,9.69739903612216e-19
1,1,0,1,1,0,0,0,0,1,0,0,0,0,sign_irene_cif.y4m,11.264,0.023021728866442187,0.00863216,0.0
1,1,0,1,1,1,0,0,0,0,0,1,1,0,sign_irene_cif.y4m,35.336,0.12239281024635495,0.007431,0.0
1,1,0,1,1,0,0,0,0,0,1,1,1,0,sign_irene_cif.y4m,7.15,0.030822070014844945,0.007657700000000001,9.69739903612216e-19
1,1,0,1,1,0,0,0,1,0,0,1,1,0,sign_irene_cif.y4m,8.418000000000001,0.03033150177620617,0.00758968,0.0
1,1,0,1,1,0,1,0,0,0,0,1,1,0,sign_irene_cif.y4m,16.074,0.058137767414994726,0.00753294,0.0
1,1,0,1,1,1,0,0,0,0,0,0,0,0,sign_irene_cif.y4m,79.468,0.18198901065723647,0.00843565,0.0
1,1,0,1,1,1,0,0,0,0,0,1,0,1,sign_irene_cif.y4m,74.22800000000001,0.16528762809115127,0.00843565,0.0
1,1,0,1,1,0,1,0,0,0,0,1,0,1,sign_irene_cif.y4m,29.954,0.0403732584763732,0.00844734,0.0
1,1,0,1,1,0,1,0,0,0,0,1,1,1,sign_irene_cif.y4m,16.104000000000003,0.07635443667528463,0.00753294,0.0
1,1,0,1,1,0,0,0,0,1,0,1,1,0,sign_irene_cif.y4m,6.806,0.020736441353327643,0.00758611,0.0
1,1,1,0,0,0,0,0,0,0,0,1,0,1,sign_irene_cif.y4m,174.792,0.3793678953206257,0.00842469,0.0
1,1,0,1,1,0,0,0,1,0,0,1,1,1,silent_cif.y4m,4.252000000000001,0.013038404810405019,0.00762663,0.0
1,1,0,1,1,0,0,0,1,0,0,0,0,0,silent_cif.y4m,6.892,0.03633180424916988,0.007299849999999999,9.69739903612216e-19
1,1,0,1,1,0,0,1,0,0,0,1,0,1,silent_cif.y4m,9.315999999999999,0.011401754250991138,0.0069674,0.0
1,1,1,0,0,0,0,0,0,0,0,1,1,1,silent_cif.y4m,61.23,0.13874436925511716,0.00753775,0.0
1,1,0,1,1,0,0,0,0,0,1,0,0,0,silent_cif.y4m,7.045999999999999,0.026076809620810413,0.007375959999999999,9.69739903612216e-19
1,1,0,1,1,0,0,1,0,0,0,1,1,0,silent_cif.y4m,6.055999999999999,0.016733200530681475,0.00765993,0.0
1,1,0,1,1,0,0,0,0,1,0,1,1,1,silent_cif.y4m,3.7640000000000002,0.018165902124584795,0.00767832,0.0
1,1,0,1,1,0,0,0,0,0,1,1,0,1,silent_cif.y4m,7.044,0.011401754250991138,0.007375959999999999,9.69739903612216e-19
1,1,0,1,1,0,0,1,0,0,0,1,1,1,silent_cif.y4m,6.058,0.01923538406167133,0.00765993,0.0
1,1,0,1,1,0,1,0,0,0,0,0,0,0,silent_cif.y4m,15.63,0.044721359549995635,0.00695992,0.0
1,1,0,1,1,0,0,1,0,0,0,0,0,0,silent_cif.y4m,9.185999999999998,0.01949358868961751,0.0069674,0.0
1,1,0,1,1,0,0,0,0,1,0,1,0,1,silent_cif.y4m,6.192,0.023874672772626546,0.00733129,0.0
1,1,0,1,1,0,0,0,0,0,1,1,1,1,silent_cif.y4m,4.064,0.01673320053068158,0.00775616,0.0
1,1,0,1,1,0,0,0,1,0,0,1,0,1,silent_cif.y4m,6.874,0.026076809620810635,0.007299849999999999,9.69739903612216e-19
1,1,0,1,1,1,0,0,0,0,0,1,1,1,silent_cif.y4m,22.759999999999998,0.045276925690687295,0.007610830000000001,9.69739903612216e-19
1,1,1,0,0,0,0,0,0,0,0,0,0,0,silent_cif.y4m,107.28399999999999,0.1738677658451951,0.00697485,0.0
1,1,1,0,0,0,0,0,0,0,0,1,1,0,silent_cif.y4m,59.818,0.09934787365615859,0.00753775,0.0
1,1,0,1,1,0,0,0,0,1,0,0,0,0,silent_cif.y4m,6.218,0.025884358211089482,0.00733129,0.0
1,1,0,1,1,1,0,0,0,0,0,1,1,0,silent_cif.y4m,22.759999999999998,0.06480740698407764,0.007610830000000001,9.69739903612216e-19
1,1,0,1,1,0,0,0,0,0,1,1,1,0,silent_cif.y4m,4.07,0.007071067811865638,0.00775616,0.0
1,1,0,1,1,0,0,0,1,0,0,1,1,0,silent_cif.y4m,4.242,0.019235384061671305,0.00762663,0.0
1,1,0,1,1,0,1,0,0,0,0,1,1,0,silent_cif.y4m,8.937999999999999,0.022803508501982896,0.00765121,0.0
1,1,0,1,1,1,0,0,0,0,0,0,0,0,silent_cif.y4m,41.858,0.04549725266430845,0.00697049,0.0
1,1,0,1,1,1,0,0,0,0,0,1,0,1,silent_cif.y4m,41.694,0.06426507605224044,0.00697049,0.0
1,1,0,1,1,0,1,0,0,0,0,1,0,1,silent_cif.y4m,15.581999999999999,0.030331501776205555,0.00695992,0.0
1,1,0,1,1,0,1,0,0,0,0,1,1,1,silent_cif.y4m,9.13,0.03316624790355423,0.00765121,0.0
1,1,0,1,1,0,0,0,0,1,0,1,1,0,silent_cif.y4m,3.69,0.021213203435596444,0.00767832,0.0
1,1,1,0,0,0,0,0,0,0,0,1,0,1,silent_cif.y4m,107.112,0.2444790379562226,0.00697485,0.0
1,1,0,1,1,0,0,0,1,0,0,1,1,1,soccer_cif.y4m,4.336,0.018165902124585173,0.00741425,0.0
1,1,0,1,1,0,0,0,1,0,0,0,0,0,soccer_cif.y4m,8.202000000000002,0.025884358211089944,0.00715856,0.0
1,1,0,1,1,0,0,1,0,0,0,1,0,1,soccer_cif.y4m,11.282,0.0258843582110895,0.0070685999999999995,9.69739903612216e-19
1,1,1,0,0,0,0,0,0,0,0,1,1,1,soccer_cif.y4m,60.778,0.09782637681116475,0.00730374,0.0
1,1,0,1,1,0,0,0,0,0,1,0,0,0,soccer_cif.y4m,6.21,0.009999999999999787,0.00721049,0.0
1,1,0,1,1,0,0,1,0,0,0,1,1,0,soccer_cif.y4m,6.16,0.02449489742783162,0.00740913,0.0
1,1,0,1,1,0,0,0,0,1,0,1,1,1,soccer_cif.y4m,3.22,0.014142135623731041,0.00751932,0.0
1,1,0,1,1,0,0,0,0,0,1,1,0,1,soccer_cif.y4m,6.218,0.01643167672515512,0.00721049,0.0
1,1,0,1,1,0,0,1,0,0,0,1,1,1,soccer_cif.y4m,6.0840000000000005,0.04098780306383847,0.00740913,0.0
1,1,0,1,1,0,1,0,0,0,0,0,0,0,soccer_cif.y4m,19.078,0.05069516742254607,0.007067840000000001,9.69739903612216e-19
1,1,0,1,1,0,0,1,0,0,0,0,0,0,soccer_cif.y4m,11.236,0.0364691650576206,0.0070685999999999995,9.69739903612216e-19
1,1,0,1,1,0,0,0,0,1,0,1,0,1,soccer_cif.y4m,6.5600000000000005,0.02345207879911712,0.00719563,0.0
1,1,0,1,1,0,0,0,0,0,1,1,1,1,soccer_cif.y4m,2.994,0.015165750888102953,0.00754021,0.0
1,1,0,1,1,0,0,0,1,0,0,1,0,1,soccer_cif.y4m,8.23,0.012247448713915629,0.00715856,0.0
1,1,0,1,1,1,0,0,0,0,0,1,1,1,soccer_cif.y4m,22.662,0.08671793355471503,0.007343480000000001,9.69739903612216e-19
1,1,1,0,0,0,0,0,0,0,0,0,0,0,soccer_cif.y4m,109.70599999999999,0.3054177467011403,0.00706676,0.0
1,1,1,0,0,0,0,0,0,0,0,1,1,0,soccer_cif.y4m,61.516,0.19165072397463048,0.00730374,0.0
1,1,0,1,1,0,0,0,0,1,0,0,0,0,soccer_cif.y4m,6.566,0.013416407864998916,0.00719563,0.0
1,1,0,1,1,1,0,0,0,0,0,1,1,0,soccer_cif.y4m,22.648,0.06978538528947147,0.007343480000000001,9.69739903612216e-19
1,1,0,1,1,0,0,0,0,0,1,1,1,0,soccer_cif.y4m,3.008,0.014832396974191175,0.00754021,0.0
1,1,0,1,1,0,0,0,1,0,0,1,1,0,soccer_cif.y4m,4.664,0.028809720581775975,0.00741425,0.0
1,1,0,1,1,0,1,0,0,0,0,1,1,0,soccer_cif.y4m,8.937999999999999,0.038340579025361664,0.007445099999999999,9.69739903612216e-19
1,1,0,1,1,1,0,0,0,0,0,0,0,0,soccer_cif.y4m,47.104,0.1867618804788614,0.00706941,0.0
1,1,0,1,1,1,0,0,0,0,0,1,0,1,soccer_cif.y4m,44.038,0.11166915420115055,0.00706941,0.0
1,1,0,1,1,0,1,0,0,0,0,1,0,1,soccer_cif.y4m,17.818,0.05118593556827844,0.007067840000000001,9.69739903612216e-19
1,1,0,1,1,0,1,0,0,0,0,1,1,1,soccer_cif.y4m,8.902,0.031144823004794667,0.007445099999999999,9.69739903612216e-19
1,1,0,1,1,0,0,0,0,1,0,1,1,0,soccer_cif.y4m,3.224,0.02302172886644262,0.00751932,0.0
1,1,1,0,0,0,0,0,0,0,0,1,0,1,soccer_cif.y4m,109.73999999999998,0.30380915061926844,0.00706676,0.0
1,1,0,1,1,0,0,0,1,0,0,1,1,1,students_cif.y4m,17.466,0.032093613071762124,0.00799743,0.0
1,1,0,1,1,0,0,0,1,0,0,0,0,0,students_cif.y4m,27.642000000000003,0.07496665925596538,0.0070493,0.0
1,1,0,1,1,0,0,1,0,0,0,1,0,1,students_cif.y4m,40.49400000000001,0.10784247771634244,0.00707355,0.0
1,1,1,0,0,0,0,0,0,0,0,1,1,1,students_cif.y4m,269.404,0.7982355542069077,0.00800234,0.0
1,1,0,1,1,0,0,0,0,0,1,0,0,0,students_cif.y4m,30.168,0.037013511046643424,0.007051119999999999,9.69739903612216e-19
1,1,0,1,1,0,0,1,0,0,0,1,1,0,students_cif.y4m,25.778000000000002,0.09934787365615841,0.00800226,0.0
1,1,0,1,1,0,0,0,0,1,0,1,1,1,students_cif.y4m,15.325999999999999,0.05594640292279738,0.00802664,0.0
1,1,0,1,1,0,0,0,0,0,1,1,0,1,students_cif.y4m,30.163999999999998,0.046151923036856515,0.007051119999999999,9.69739903612216e-19
1,1,0,1,1,0,0,1,0,0,0,1,1,1,students_cif.y4m,25.804000000000002,0.08961026726888002,0.00800226,0.0
1,1,0,1,1,0,1,0,0,0,0,0,0,0,students_cif.y4m,59.604000000000006,0.26349573051569525,0.007070120000000001,9.69739903612216e-19
1,1,0,1,1,0,0,1,0,0,0,0,0,0,students_cif.y4m,39.556,0.037815340802376564,0.00707355,0.0
1,1,0,1,1,0,0,0,0,1,0,1,0,1,students_cif.y4m,24.182,0.056302753041036796,0.007042080000000001,9.69739903612216e-19
1,1,0,1,1,0,0,0,0,0,1,1,1,1,students_cif.y4m,18.288,0.042661458015402096,0.00825185,0.0
1,1,0,1,1,0,0,0,1,0,0,1,0,1,students_cif.y4m,27.651999999999997,0.08012490249604036,0.0070493,0.0
1,1,0,1,1,1,0,0,0,0,0,1,1,1,students_cif.y4m,99.36,0.25583197610932,0.00799547,0.0
1,1,1,0,0,0,0,0,0,0,0,0,0,0,students_cif.y4m,440.168,1.4953160201107956,0.007070160000000001,9.69739903612216e-19
1,1,1,0,0,0,0,0,0,0,0,1,1,0,students_cif.y4m,261.456,0.6801690966223052,0.00800234,0.0
1,1,0,1,1,0,0,0,0,1,0,0,0,0,students_cif.y4m,24.138,0.055856960175076034,0.007042080000000001,9.69739903612216e-19
1,1,0,1,1,1,0,0,0,0,0,1,1,0,students_cif.y4m,99.408,0.22443261795024183,0.00799547,0.0
1,1,0,1,1,0,0,0,0,0,1,1,1,0,students_cif.y4m,18.252000000000002,0.04549725266430939,0.00825185,0.0
1,1,0,1,1,0,0,0,1,0,0,1,1,0,students_cif.y4m,17.473999999999997,0.06913754406977451,0.00799743,0.0
1,1,0,1,1,0,1,0,0,0,0,1,1,0,students_cif.y4m,35.314,0.13612494260788666,0.00804131,0.0
1,1,0,1,1,1,0,0,0,0,0,0,0,0,students_cif.y4m,160.598,0.3654722971717455,0.007072730000000001,9.69739903612216e-19
1,1,0,1,1,1,0,0,0,0,0,1,0,1,students_cif.y4m,160.238,0.4019577092182733,0.007072730000000001,9.69739903612216e-19
1,1,0,1,1,0,1,0,0,0,0,1,0,1,students_cif.y4m,59.70200000000001,0.12070625501605158,0.007070120000000001,9.69739903612216e-19
1,1,0,1,1,0,1,0,0,0,0,1,1,1,students_cif.y4m,36.152,0.1103177229641741,0.00804131,0.0
1,1,0,1,1,0,0,0,0,1,0,1,1,0,students_cif.y4m,15.068000000000001,0.05449770637375463,0.00802664,0.0
1,1,1,0,0,0,0,0,0,0,0,1,0,1,students_cif.y4m,438.93199999999996,0.6772887124410124,0.007070160000000001,9.69739903612216e-19
1,1,0,1,1,0,0,0,1,0,0,1,1,1,tempete_cif.y4m,5.01,0.03240370349203909,0.00915855,0.0
1,1,0,1,1,0,0,0,1,0,0,0,0,0,tempete_cif.y4m,7.126,0.03781534080237823,0.00744373,0.0
1,1,0,1,1,0,0,1,0,0,0,1,0,1,tempete_cif.y4m,10.129999999999999,0.023452078799117596,0.007271919999999999,9.69739903612216e-19
1,1,1,0,0,0,0,0,0,0,0,1,1,1,tempete_cif.y4m,56.44,0.11937336386313299,0.00910703,0.0
1,1,0,1,1,0,0,0,0,0,1,0,0,0,tempete_cif.y4m,5.087999999999999,0.016431676725154932,0.00738429,0.0
1,1,0,1,1,0,0,1,0,0,0,1,1,0,tempete_cif.y4m,6.787999999999999,0.0383405790253616,0.00914176,0.0
1,1,0,1,1,0,0,0,0,1,0,1,1,1,tempete_cif.y4m,3.532,0.01483239697419137,0.0091866,0.0
1,1,0,1,1,0,0,0,0,0,1,1,0,1,tempete_cif.y4m,5.104,0.02302172886644259,0.00738429,0.0
1,1,0,1,1,0,0,1,0,0,0,1,1,1,tempete_cif.y4m,6.712000000000001,0.01483239697419128,0.00914176,0.0
1,1,0,1,1,0,1,0,0,0,0,0,0,0,tempete_cif.y4m,15.884,0.06655824516917445,0.00727445,0.0
1,1,0,1,1,0,0,1,0,0,0,0,0,0,tempete_cif.y4m,10.101999999999999,0.017888543819997937,0.007271919999999999,9.69739903612216e-19
1,1,0,1,1,0,0,0,0,1,0,1,0,1,tempete_cif.y4m,5.572,0.013038404810405428,0.00735468,0.0
1,1,0,1,1,0,0,0,0,0,1,1,1,1,tempete_cif.y4m,3.414,0.020736441353327705,0.00924884,0.0
1,1,0,1,1,0,0,0,1,0,0,1,0,1,tempete_cif.y4m,7.134,0.027018512172212395,0.00744373,0.0
1,1,0,1,1,1,0,0,0,0,0,1,1,1,tempete_cif.y4m,25.315999999999995,0.0705691150575094,0.00910703,0.0
1,1,1,0,0,0,0,0,0,0,0,0,0,0,tempete_cif.y4m,100.078,0.028635642126548996,0.007279430000000001,9.69739903612216e-19
1,1,1,0,0,0,0,0,0,0,0,1,1,0,tempete_cif.y4m,56.556,0.19385561637466117,0.00910703,0.0
1,1,0,1,1,0,0,0,0,1,0,0,0,0,tempete_cif.y4m,5.574,0.01516575088810313,0.00735468,0.0
1,1,0,1,1,1,0,0,0,0,0,1,1,0,tempete_cif.y4m,25.336000000000002,0.10597169433391207,0.00910703,0.0
1,1,0,1,1,0,0,0,0,0,1,1,1,0,tempete_cif.y4m,3.3600000000000003,0.014142135623730963,0.00924884,0.0
1,1,0,1,1,0,0,0,1,0,0,1,1,0,tempete_cif.y4m,5.3660000000000005,0.028809720581775992,0.00915855,0.0
1,1,0,1,1,0,1,0,0,0,0,1,1,0,tempete_cif.y4m,9.924,0.049799598391954636,0.00912673,0.0
1,1,0,1,1,1,0,0,0,0,0,0,0,0,tempete_cif.y4m,48.312,0.09808159868191518,0.007254369999999999,9.69739903612216e-19
1,1,0,1,1,1,0,0,0,0,0,1,0,1,tempete_cif.y4m,45.132000000000005,0.12735776379946465,0.007254369999999999,9.69739903612216e-19
1,1,0,1,1,0,1,0,0,0,0,1,0,1,tempete_cif.y4m,15.886000000000001,0.05941380311005199,0.00727445,0.0
1,1,0,1,1,0,1,0,0,0,0,1,1,1,tempete_cif.y4m,9.946,0.02509980079602258,0.00912673,0.0
1,1,0,1,1,0,0,0,0,1,0,1,1,0,tempete_cif.y4m,3.528,0.013038404810405376,0.0091866,0.0
1,1,1,0,0,0,0,0,0,0,0,1,0,1,tempete_cif.y4m,107.10999999999999,0.35812009158939834,0.007279430000000001,9.69739903612216e-19
1,1,0,1,1,0,0,0,1,0,0,1,1,1,waterfall_cif.y4m,4.01,0.020000000000000018,0.00917876,0.0
1,1,0,1,1,0,0,0,1,0,0,0,0,0,waterfall_cif.y4m,6.154,0.019493588689617945,0.00770785,0.0
1,1,0,1,1,0,0,1,0,0,0,1,0,1,waterfall_cif.y4m,9.01,0.025495097567963382,0.007507740000000001,9.69739903612216e-19
1,1,1,0,0,0,0,0,0,0,0,1,1,1,waterfall_cif.y4m,89.234,0.21489532335534456,0.0091827,0.0
1,1,0,1,1,0,0,0,0,0,1,0,0,0,waterfall_cif.y4m,5.69,0.012247448713915992,0.007752919999999999,9.69739903612216e-19
1,1,0,1,1,0,0,1,0,0,0,1,1,0,waterfall_cif.y4m,6.436,0.01673320053068158,0.00919581,0.0
1,1,0,1,1,0,0,0,0,1,0,1,1,1,waterfall_cif.y4m,3.4939999999999998,0.016733200530681315,0.00934558,0.0
1,1,0,1,1,0,0,0,0,0,1,1,0,1,waterfall_cif.y4m,5.692,0.01643167672515509,0.007752919999999999,9.69739903612216e-19
1,1,0,1,1,0,0,1,0,0,0,1,1,1,waterfall_cif.y4m,6.426,0.015165750888103187,0.00919581,0.0
1,1,0,1,1,0,1,0,0,0,0,0,0,0,waterfall_cif.y4m,15.876,0.05029910535983705,0.00752977,0.0
1,1,0,1,1,0,0,1,0,0,0,0,0,0,waterfall_cif.y4m,9.033999999999999,0.020736441353327965,0.007507740000000001,9.69739903612216e-19
1,1,0,1,1,0,0,0,0,1,0,1,0,1,waterfall_cif.y4m,5.082000000000001,0.017888543819998555,0.00776767,0.0
1,1,0,1,1,0,0,0,0,0,1,1,1,1,waterfall_cif.y4m,3.714,0.005477225575051788,0.00936445,0.0
1,1,0,1,1,0,0,0,1,0,0,1,0,1,waterfall_cif.y4m,6.1739999999999995,0.021908902300206787,0.00770785,0.0
1,1,0,1,1,1,0,0,0,0,0,1,1,1,waterfall_cif.y4m,32.653999999999996,0.0928977932999472,0.00920686,0.0
1,1,1,0,0,0,0,0,0,0,0,0,0,0,waterfall_cif.y4m,144.16799999999998,0.2480322559668359,0.00756551,0.0
1,1,1,0,0,0,0,0,0,0,0,1,1,0,waterfall_cif.y4m,86.66600000000001,0.16920401886480252,0.0091827,0.0
1,1,0,1,1,0,0,0,0,1,0,0,0,0,waterfall_cif.y4m,5.076,0.013416407864998717,0.00776767,0.0
1,1,0,1,1,1,0,0,0,0,0,1,1,0,waterfall_cif.y4m,33.626,0.13649175799292934,0.00920686,0.0
1,1,0,1,1,0,0,0,0,0,1,1,1,0,waterfall_cif.y4m,3.604,0.016733200530681513,0.00936445,0.0
1,1,0,1,1,0,0,0,1,0,0,1,1,0,waterfall_cif.y4m,4.093999999999999,0.027018512172212725,0.00917876,0.0
1,1,0,1,1,0,1,0,0,0,0,1,1,0,waterfall_cif.y4m,10.419999999999998,0.033166247903553964,0.00922216,0.0
1,1,0,1,1,1,0,0,0,0,0,0,0,0,waterfall_cif.y4m,51.120000000000005,0.13638181696986007,0.00756619,0.0
1,1,0,1,1,1,0,0,0,0,0,1,0,1,waterfall_cif.y4m,51.126000000000005,0.08264381404557739,0.00756619,0.0
1,1,0,1,1,0,1,0,0,0,0,1,0,1,waterfall_cif.y4m,15.888,0.019235384061671582,0.00752977,0.0
1,1,0,1,1,0,1,0,0,0,0,1,1,1,waterfall_cif.y4m,10.394,0.030495901363953862,0.00922216,0.0
1,1,0,1,1,0,0,0,0,1,0,1,1,0,waterfall_cif.y4m,3.5099999999999993,0.01581138830084177,0.00934558,0.0
1,1,1,0,0,0,0,0,0,0,0,1,0,1,waterfall_cif.y4m,144.208,0.28172681803478317,0.00756551,0.0
1,1,0,1,1,0,0,0,1,0,0,1,1,1,blue_sky_1080p25.y4m,15.2,0.07999999999999974,,
1,1,0,1,1,0,0,0,1,0,0,0,0,0,blue_sky_1080p25.y4m,76.42999999999999,0.28319604517012364,,
1,1,0,1,1,0,0,1,0,0,0,1,0,1,blue_sky_1080p25.y4m,93.326,0.3011312006418467,,
1,1,1,0,0,0,0,0,0,0,0,1,1,1,blue_sky_1080p25.y4m,206.654,1.168516153076192,,
1,1,0,1,1,0,0,0,0,0,1,0,0,0,blue_sky_1080p25.y4m,58.88000000000001,0.05049752469180949,,
1,1,0,1,1,0,0,1,0,0,0,1,1,0,blue_sky_1080p25.y4m,20.946,0.00894427190999877,,
1,1,0,1,1,0,0,0,0,1,0,1,1,1,blue_sky_1080p25.y4m,12.808000000000002,0.08258329128825048,,
1,1,0,1,1,0,0,0,0,0,1,1,0,1,blue_sky_1080p25.y4m,58.891999999999996,0.07596051605933027,,
1,1,0,1,1,0,0,1,0,0,0,1,1,1,blue_sky_1080p25.y4m,21.056,0.1509304475578069,,
1,1,0,1,1,0,1,0,0,0,0,0,0,0,blue_sky_1080p25.y4m,119.734,0.4511429928525947,,
1,1,0,1,1,0,0,1,0,0,0,0,0,0,blue_sky_1080p25.y4m,92.94399999999999,0.3692289262774494,,
1,1,0,1,1,0,0,0,0,1,0,1,0,1,blue_sky_1080p25.y4m,60.23199999999999,0.06870225614927164,,
1,1,0,1,1,0,0,0,0,0,1,1,1,1,blue_sky_1080p25.y4m,11.666,0.07700649323271391,,
1,1,0,1,1,0,0,0,1,0,0,1,0,1,blue_sky_1080p25.y4m,76.706,0.2008233054204607,,
1,1,0,1,1,1,0,0,0,0,0,1,1,1,blue_sky_1080p25.y4m,72.96000000000001,0.14265342617686858,,
1,1,1,0,0,0,0,0,0,0,0,0,0,0,blue_sky_1080p25.y4m,386.464,0.6510222730444766,,
1,1,1,0,0,0,0,0,0,0,0,1,1,0,blue_sky_1080p25.y4m,206.686,0.37219618482730055,,
1,1,0,1,1,0,0,0,0,1,0,0,0,0,blue_sky_1080p25.y4m,60.24400000000001,0.11738824472663155,,
1,1,0,1,1,1,0,0,0,0,0,1,1,0,blue_sky_1080p25.y4m,70.91600000000001,0.6951474663695474,,
1,1,0,1,1,0,0,0,0,0,1,1,1,0,blue_sky_1080p25.y4m,11.66,0.13874436925511663,,
1,1,0,1,1,0,0,0,1,0,0,1,1,0,blue_sky_1080p25.y4m,15.138,0.08438009243891607,,
1,1,0,1,1,0,1,0,0,0,0,1,1,0,blue_sky_1080p25.y4m,32.096000000000004,0.7462104260863707,,
1,1,0,1,1,1,0,0,0,0,0,0,0,0,blue_sky_1080p25.y4m,201.95,0.7149475505238115,,
1,1,0,1,1,1,0,0,0,0,0,1,0,1,blue_sky_1080p25.y4m,203.408,0.9057427890963259,,
1,1,0,1,1,0,1,0,0,0,0,1,0,1,blue_sky_1080p25.y4m,120.01799999999999,0.32422214606655175,,
1,1,0,1,1,0,1,0,0,0,0,1,1,1,blue_sky_1080p25.y4m,32.8,0.8545466634420851,,
1,1,0,1,1,0,0,0,0,1,0,1,1,0,blue_sky_1080p25.y4m,12.65,0.0524404424085079,,
1,1,1,0,0,0,0,0,0,0,0,1,0,1,blue_sky_1080p25.y4m,381.90400000000005,0.9869549128506415,,
1,1,0,1,1,0,0,0,1,0,0,1,1,1,sintel_trailer_2k_480p24.y4m,19.936,0.09235799911215052,0.00212371,0.0
1,1,0,1,1,0,0,0,1,0,0,0,0,0,sintel_trailer_2k_480p24.y4m,60.965999999999994,0.26791789787171594,0.00205199,0.0
1,1,0,1,1,0,0,1,0,0,0,1,0,1,sintel_trailer_2k_480p24.y4m,79.378,0.23328094650013564,0.00207596,0.0
1,1,1,0,0,0,0,0,0,0,0,1,1,1,sintel_trailer_2k_480p24.y4m,255.57599999999996,1.0910911969216786,0.00202718,0.0
1,1,0,1,1,0,0,0,0,0,1,0,0,0,sintel_trailer_2k_480p24.y4m,49.682,0.09066421565314524,0.0020399,0.0
1,1,0,1,1,0,0,1,0,0,0,1,1,0,sintel_trailer_2k_480p24.y4m,28.483999999999998,0.12280065146406956,0.00206971,0.0
1,1,0,1,1,0,0,0,0,1,0,1,1,1,sintel_trailer_2k_480p24.y4m,17.03,0.06557438524301888,0.00208002,0.0
1,1,0,1,1,0,0,0,0,0,1,1,0,1,sintel_trailer_2k_480p24.y4m,49.464,0.07402702209328714,0.0020399,0.0
1,1,0,1,1,0,0,1,0,0,0,1,1,1,sintel_trailer_2k_480p24.y4m,28.498,0.11344602240713521,0.00206971,0.0
1,1,0,1,1,0,1,0,0,0,0,0,0,0,sintel_trailer_2k_480p24.y4m,110.74600000000001,0.2505593742010102,0.00207454,0.0
1,1,0,1,1,0,0,1,0,0,0,0,0,0,sintel_trailer_2k_480p24.y4m,78.454,0.13685759021698807,0.00207596,0.0
1,1,0,1,1,0,0,0,0,1,0,1,0,1,sintel_trailer_2k_480p24.y4m,49.233999999999995,0.05594640292279814,0.00203287,0.0
1,1,0,1,1,0,0,0,0,0,1,1,1,1,sintel_trailer_2k_480p24.y4m,16.892000000000003,0.09311283477587746,0.00206695,0.0
1,1,0,1,1,0,0,0,1,0,0,1,0,1,sintel_trailer_2k_480p24.y4m,61.19199999999999,0.18619881847101064,0.00205199,0.0
1,1,0,1,1,1,0,0,0,0,0,1,1,1,sintel_trailer_2k_480p24.y4m,99.446,0.16501515081955098,0.00203609,0.0
1,1,1,0,0,0,0,0,0,0,0,0,0,0,sintel_trailer_2k_480p24.y4m,535.8259999999999,1.03702941134763,0.00207536,0.0
1,1,1,0,0,0,0,0,0,0,0,1,1,0,sintel_trailer_2k_480p24.y4m,251.23000000000002,0.586216683488277,0.00202718,0.0
1,1,0,1,1,0,0,0,0,1,0,0,0,0,sintel_trailer_2k_480p24.y4m,49.23199999999999,0.13627178724886496,0.00203287,0.0
1,1,0,1,1,1,0,0,0,0,0,1,1,0,sintel_trailer_2k_480p24.y4m,99.626,0.2628307440159894,0.00203609,0.0
1,1,0,1,1,0,0,0,0,0,1,1,1,0,sintel_trailer_2k_480p24.y4m,17.302,0.07496665925596514,0.00206695,0.0
1,1,0,1,1,0,0,0,1,0,0,1,1,0,sintel_trailer_2k_480p24.y4m,20.034,0.12300406497348065,0.00212371,0.0
1,1,0,1,1,0,1,0,0,0,0,1,1,0,sintel_trailer_2k_480p24.y4m,41.862,0.20571825392998022,0.00205671,0.0
1,1,0,1,1,1,0,0,0,0,0,0,0,0,sintel_trailer_2k_480p24.y4m,244.766,0.5879030532324073,0.00207328,0.0
1,1,0,1,1,1,0,0,0,0,0,1,0,1,sintel_trailer_2k_480p24.y4m,244.78400000000002,0.556758475463108,0.00207328,0.0
1,1,0,1,1,0,1,0,0,0,0,1,0,1,sintel_trailer_2k_480p24.y4m,110.822,0.32698623824252904,0.00207454,0.0
1,1,0,1,1,0,1,0,0,0,0,1,1,1,sintel_trailer_2k_480p24.y4m,42.432,0.05761944116355137,0.00205671,0.0
1,1,0,1,1,0,0,0,0,1,0,1,1,0,sintel_trailer_2k_480p24.y4m,16.816000000000003,0.06503845016603706,0.00208002,0.0
1,1,1,0,0,0,0,0,0,0,0,1,0,1,sintel_trailer_2k_480p24.y4m,535.0240000000001,1.2895852046297558,0.00207536,0.0
