,err_type,env,err
0,mape_ci,0,6277.050419635157
1,rel_pred_ci_width,0,3.008231693170518
2,rel_cal_diff,0,0.7585000000000001
3,mape,0,7981.834349545461
4,R2,0,-1942.411208781042
5,mape_ci,1,2710.911179837119
6,rel_pred_ci_width,1,2.264349582666519
7,rel_cal_diff,1,0.7665
8,mape,1,3408.036847873801
9,R2,1,-554.7793213685361
10,mape_ci,2,3744.597623167227
11,rel_pred_ci_width,2,3.384156504684677
12,rel_cal_diff,2,0.7388750000000001
13,mape,2,4880.31680797301
14,R2,2,-1197.5725858923347
15,mape_ci,3,3198.8177802824976
16,rel_pred_ci_width,3,4.695090080296193
17,rel_cal_diff,3,0.61625
18,mape,3,5251.29781982839
19,R2,3,-1339.5164975171176
20,mape_ci,4,2435.946174496182
21,rel_pred_ci_width,4,3.0996907319583737
22,rel_cal_diff,4,0.75275
23,mape,4,3153.717904608752
24,R2,4,-565.8843798586842
25,mape_ci,5,3625.0384287475367
26,rel_pred_ci_width,5,2.5621995270052875
27,rel_cal_diff,5,0.751125
28,mape,5,4659.111172936025
29,R2,5,-1816.4145223053338
30,mape_ci,6,2682.3024290267476
31,rel_pred_ci_width,6,16.255707079585637
32,rel_cal_diff,6,0.723875
33,mape,6,3549.8505459064254
34,R2,6,-1083.9735262977572
35,mape_ci,overall,3524.9520050274955
36,rel_pred_ci_width,overall,5.038489314195315
37,rel_cal_diff,overall,0.7296964285714286
38,pMAPE,overall,4271.04768319031
39,mape,overall,4697.737921238838
40,R2,overall,-1068.7604054729986
